date,ISO_3,PAYS,ID_PAYS,region,ID_REGION,cases,deaths,recovered,cases_female,cases_male,cases_unspecified,SOURCE,LIEN SOURCE
2020-03-31,SLE,Sierra Leone,9.0,Northern,91.0,0.0,0.0,0.0,0.0,0.0,0.0,Ministry of Health and sanitation,https://twitter.com/mohs_sl?lang=fr
2020-03-31,SLE,Sierra Leone,9.0,Eastern,92.0,0.0,0.0,0.0,0.0,0.0,0.0,Ministry of Health and sanitation,https://twitter.com/mohs_sl?lang=fr
2020-03-31,SLE,Sierra Leone,9.0,Southern,93.0,0.0,0.0,0.0,0.0,0.0,0.0,Ministry of Health and sanitation,https://twitter.com/mohs_sl?lang=fr
2020-03-31,SLE,Sierra Leone,9.0,Western,94.0,1.0,0.0,0.0,0.0,1.0,0.0,Ministry of Health and sanitation,https://twitter.com/mohs_sl?lang=fr
2020-04-01,SLE,Sierra Leone,9.0,Northern,91.0,0.0,0.0,0.0,0.0,0.0,0.0,Ministry of Health and sanitation,https://twitter.com/mohs_sl?lang=fr
2020-04-01,SLE,Sierra Leone,9.0,Eastern,92.0,0.0,0.0,0.0,0.0,0.0,0.0,Ministry of Health and sanitation,https://twitter.com/mohs_sl?lang=fr
2020-04-01,SLE,Sierra Leone,9.0,Southern,93.0,0.0,0.0,0.0,0.0,0.0,0.0,Ministry of Health and sanitation,https://twitter.com/mohs_sl?lang=fr
2020-04-01,SLE,Sierra Leone,9.0,Western,94.0,1.0,0.0,0.0,1.0,0.0,0.0,Ministry of Health and sanitation,https://twitter.com/mohs_sl?lang=fr
2020-04-02,SLE,Sierra Leone,9.0,Northern,91.0,0.0,0.0,0.0,0.0,0.0,0.0,Ministry of Health and sanitation,https://twitter.com/mohs_sl?lang=fr
2020-04-02,SLE,Sierra Leone,9.0,Eastern,92.0,0.0,0.0,0.0,0.0,0.0,0.0,Ministry of Health and sanitation,https://twitter.com/mohs_sl?lang=fr
2020-04-02,SLE,Sierra Leone,9.0,Southern,93.0,0.0,0.0,0.0,0.0,0.0,0.0,Ministry of Health and sanitation,https://twitter.com/mohs_sl?lang=fr
2020-04-02,SLE,Sierra Leone,9.0,Western,94.0,0.0,0.0,0.0,0.0,0.0,0.0,Ministry of Health and sanitation,https://twitter.com/mohs_sl?lang=fr
2020-04-03,SLE,Sierra Leone,9.0,Northern,91.0,0.0,0.0,0.0,0.0,0.0,0.0,Ministry of Health and sanitation,https://twitter.com/mohs_sl?lang=fr
2020-04-03,SLE,Sierra Leone,9.0,Eastern,92.0,0.0,0.0,0.0,0.0,0.0,0.0,Ministry of Health and sanitation,https://twitter.com/mohs_sl?lang=fr
2020-04-03,SLE,Sierra Leone,9.0,Southern,93.0,0.0,0.0,0.0,0.0,0.0,0.0,Ministry of Health and sanitation,https://twitter.com/mohs_sl?lang=fr
2020-04-03,SLE,Sierra Leone,9.0,Western,94.0,0.0,0.0,0.0,0.0,0.0,0.0,Ministry of Health and sanitation,https://twitter.com/mohs_sl?lang=fr
2020-04-04,SLE,Sierra Leone,9.0,Northern,91.0,0.0,0.0,0.0,0.0,0.0,0.0,Ministry of Health and sanitation,https://twitter.com/mohs_sl?lang=fr
2020-04-04,SLE,Sierra Leone,9.0,Eastern,92.0,0.0,0.0,0.0,0.0,0.0,0.0,Ministry of Health and sanitation,https://twitter.com/mohs_sl?lang=fr
2020-04-04,SLE,Sierra Leone,9.0,Southern,93.0,0.0,0.0,0.0,0.0,0.0,0.0,Ministry of Health and sanitation,https://twitter.com/mohs_sl?lang=fr
2020-04-04,SLE,Sierra Leone,9.0,Western,94.0,0.0,0.0,0.0,0.0,0.0,0.0,Ministry of Health and sanitation,https://twitter.com/mohs_sl?lang=fr
2020-04-05,SLE,Sierra Leone,9.0,Northern,91.0,0.0,0.0,0.0,0.0,0.0,0.0,Ministry of Health and sanitation,https://twitter.com/mohs_sl?lang=fr
2020-04-05,SLE,Sierra Leone,9.0,Eastern,92.0,0.0,0.0,0.0,0.0,0.0,0.0,Ministry of Health and sanitation,https://twitter.com/mohs_sl?lang=fr
2020-04-05,SLE,Sierra Leone,9.0,Southern,93.0,0.0,0.0,0.0,0.0,0.0,0.0,Ministry of Health and sanitation,https://twitter.com/mohs_sl?lang=fr
2020-04-05,SLE,Sierra Leone,9.0,Western,94.0,0.0,0.0,0.0,0.0,0.0,0.0,Ministry of Health and sanitation,https://twitter.com/mohs_sl?lang=fr
2020-04-06,SLE,Sierra Leone,9.0,Northern,91.0,0.0,0.0,0.0,0.0,0.0,0.0,Ministry of Health and sanitation,https://twitter.com/mohs_sl?lang=fr
2020-04-06,SLE,Sierra Leone,9.0,Eastern,92.0,0.0,0.0,0.0,0.0,0.0,0.0,Ministry of Health and sanitation,https://twitter.com/mohs_sl?lang=fr
2020-04-06,SLE,Sierra Leone,9.0,Southern,93.0,0.0,0.0,0.0,0.0,0.0,0.0,Ministry of Health and sanitation,https://twitter.com/mohs_sl?lang=fr
2020-04-06,SLE,Sierra Leone,9.0,Western,94.0,0.0,0.0,0.0,0.0,0.0,0.0,Ministry of Health and sanitation,https://twitter.com/mohs_sl?lang=fr
2020-04-07,SLE,Sierra Leone,9.0,Northern,91.0,0.0,0.0,0.0,0.0,0.0,0.0,Ministry of Health and sanitation,https://twitter.com/mohs_sl?lang=fr
2020-04-07,SLE,Sierra Leone,9.0,Eastern,92.0,0.0,0.0,0.0,0.0,0.0,0.0,Ministry of Health and sanitation,https://twitter.com/mohs_sl?lang=fr
2020-04-07,SLE,Sierra Leone,9.0,Southern,93.0,0.0,0.0,0.0,0.0,0.0,0.0,Ministry of Health and sanitation,https://twitter.com/mohs_sl?lang=fr
2020-04-07,SLE,Sierra Leone,9.0,Western,94.0,0.0,0.0,0.0,0.0,0.0,0.0,Ministry of Health and sanitation,https://twitter.com/mohs_sl?lang=fr
2020-04-08,SLE,Sierra Leone,9.0,Northern,91.0,0.0,0.0,0.0,0.0,0.0,0.0,Ministry of Health and sanitation,https://twitter.com/mohs_sl?lang=fr
2020-04-08,SLE,Sierra Leone,9.0,Eastern,92.0,0.0,0.0,0.0,0.0,0.0,0.0,Ministry of Health and sanitation,https://twitter.com/mohs_sl?lang=fr
2020-04-08,SLE,Sierra Leone,9.0,Southern,93.0,0.0,0.0,0.0,0.0,0.0,0.0,Ministry of Health and sanitation,https://twitter.com/mohs_sl?lang=fr
2020-04-08,SLE,Sierra Leone,9.0,Western,94.0,0.0,0.0,0.0,0.0,0.0,0.0,Ministry of Health and sanitation,https://twitter.com/mohs_sl?lang=fr
2020-04-09,SLE,Sierra Leone,9.0,Northern,91.0,0.0,0.0,0.0,0.0,0.0,0.0,Ministry of Health and sanitation,https://twitter.com/mohs_sl?lang=fr
2020-04-09,SLE,Sierra Leone,9.0,Eastern,92.0,0.0,0.0,0.0,0.0,0.0,0.0,Ministry of Health and sanitation,https://twitter.com/mohs_sl?lang=fr
2020-04-09,SLE,Sierra Leone,9.0,Southern,93.0,0.0,0.0,0.0,0.0,0.0,0.0,Ministry of Health and sanitation,https://twitter.com/mohs_sl?lang=fr
2020-04-09,SLE,Sierra Leone,9.0,Western,94.0,0.0,0.0,0.0,0.0,0.0,0.0,Ministry of Health and sanitation,https://twitter.com/mohs_sl?lang=fr
2020-04-10,SLE,Sierra Leone,9.0,Northern,91.0,0.0,0.0,0.0,0.0,0.0,0.0,Ministry of Health and sanitation,https://twitter.com/mohs_sl?lang=fr
2020-04-10,SLE,Sierra Leone,9.0,Eastern,92.0,0.0,0.0,0.0,0.0,0.0,0.0,Ministry of Health and sanitation,https://twitter.com/mohs_sl?lang=fr
2020-04-10,SLE,Sierra Leone,9.0,Southern,93.0,0.0,0.0,0.0,0.0,0.0,0.0,Ministry of Health and sanitation,https://twitter.com/mohs_sl?lang=fr
2020-04-10,SLE,Sierra Leone,9.0,Western,94.0,0.0,0.0,0.0,0.0,0.0,0.0,Ministry of Health and sanitation,https://twitter.com/mohs_sl?lang=fr
2020-04-11,SLE,Sierra Leone,9.0,Northern,91.0,0.0,0.0,0.0,0.0,0.0,0.0,Ministry of Health and sanitation,https://twitter.com/mohs_sl?lang=fr
2020-04-11,SLE,Sierra Leone,9.0,Eastern,92.0,0.0,0.0,0.0,0.0,0.0,0.0,Ministry of Health and sanitation,https://twitter.com/mohs_sl?lang=fr
2020-04-11,SLE,Sierra Leone,9.0,Southern,93.0,0.0,0.0,0.0,0.0,0.0,0.0,Ministry of Health and sanitation,https://twitter.com/mohs_sl?lang=fr
2020-04-11,SLE,Sierra Leone,9.0,Western,94.0,0.0,0.0,0.0,0.0,0.0,0.0,Ministry of Health and sanitation,https://twitter.com/mohs_sl?lang=fr
2020-04-12,SLE,Sierra Leone,9.0,Northern,91.0,0.0,0.0,0.0,0.0,0.0,0.0,Ministry of Health and sanitation,https://twitter.com/mohs_sl?lang=fr
2020-04-12,SLE,Sierra Leone,9.0,Eastern,92.0,0.0,0.0,0.0,0.0,0.0,0.0,Ministry of Health and sanitation,https://twitter.com/mohs_sl?lang=fr
2020-04-12,SLE,Sierra Leone,9.0,Southern,93.0,0.0,0.0,0.0,0.0,0.0,0.0,Ministry of Health and sanitation,https://twitter.com/mohs_sl?lang=fr
2020-04-12,SLE,Sierra Leone,9.0,Western,94.0,0.0,0.0,0.0,0.0,0.0,0.0,Ministry of Health and sanitation,https://twitter.com/mohs_sl?lang=fr
2020-04-13,SLE,Sierra Leone,9.0,Northern,91.0,0.0,0.0,0.0,0.0,0.0,0.0,Ministry of Health and sanitation,https://twitter.com/mohs_sl?lang=fr
2020-04-13,SLE,Sierra Leone,9.0,Eastern,92.0,0.0,0.0,0.0,0.0,0.0,0.0,Ministry of Health and sanitation,https://twitter.com/mohs_sl?lang=fr
2020-04-13,SLE,Sierra Leone,9.0,Southern,93.0,0.0,0.0,0.0,0.0,0.0,0.0,Ministry of Health and sanitation,https://twitter.com/mohs_sl?lang=fr
2020-04-13,SLE,Sierra Leone,9.0,Western,94.0,0.0,0.0,0.0,0.0,0.0,0.0,Ministry of Health and sanitation,https://twitter.com/mohs_sl?lang=fr
2020-04-14,SLE,Sierra Leone,9.0,Northern,91.0,0.0,0.0,0.0,0.0,0.0,0.0,Ministry of Health and sanitation,https://twitter.com/mohs_sl?lang=fr
2020-04-14,SLE,Sierra Leone,9.0,Eastern,92.0,0.0,0.0,0.0,0.0,0.0,0.0,Ministry of Health and sanitation,https://twitter.com/mohs_sl?lang=fr
2020-04-14,SLE,Sierra Leone,9.0,Southern,93.0,0.0,0.0,0.0,0.0,0.0,0.0,Ministry of Health and sanitation,https://twitter.com/mohs_sl?lang=fr
2020-04-14,SLE,Sierra Leone,9.0,Western,94.0,0.0,0.0,0.0,0.0,0.0,0.0,Ministry of Health and sanitation,https://twitter.com/mohs_sl?lang=fr
2020-04-15,SLE,Sierra Leone,9.0,Northern,91.0,4.0,0.0,0.0,,,4.0,Ministry of Health and sanitation,https://twitter.com/mohs_sl?lang=fr
2020-04-15,SLE,Sierra Leone,9.0,Eastern,92.0,1.0,0.0,0.0,,,1.0,Ministry of Health and sanitation,https://twitter.com/mohs_sl?lang=fr
2020-04-15,SLE,Sierra Leone,9.0,Southern,93.0,0.0,0.0,0.0,0.0,0.0,0.0,Ministry of Health and sanitation,https://twitter.com/mohs_sl?lang=fr
2020-04-15,SLE,Sierra Leone,9.0,Western,94.0,8.0,0.0,0.0,,,8.0,Ministry of Health and sanitation,https://twitter.com/mohs_sl?lang=fr
2020-04-16,SLE,Sierra Leone,9.0,Northern,91.0,0.0,0.0,0.0,,,0.0,Ministry of Health and sanitation,https://twitter.com/mohs_sl?lang=fr
2020-04-16,SLE,Sierra Leone,9.0,Eastern,92.0,1.0,0.0,0.0,,,1.0,Ministry of Health and sanitation,https://twitter.com/mohs_sl?lang=fr
2020-04-16,SLE,Sierra Leone,9.0,Southern,93.0,0.0,0.0,0.0,0.0,0.0,0.0,Ministry of Health and sanitation,https://twitter.com/mohs_sl?lang=fr
2020-04-16,SLE,Sierra Leone,9.0,Western,94.0,10.0,0.0,0.0,,,10.0,Ministry of Health and sanitation,https://twitter.com/mohs_sl?lang=fr
2020-04-17,SLE,Sierra Leone,9.0,Northern,91.0,1.0,0.0,0.0,0.0,1.0,0.0,Ministry of Health and sanitation,https://twitter.com/mohs_sl?lang=fr
2020-04-17,SLE,Sierra Leone,9.0,Eastern,92.0,0.0,0.0,0.0,0.0,0.0,0.0,Ministry of Health and sanitation,https://twitter.com/mohs_sl?lang=fr
2020-04-17,SLE,Sierra Leone,9.0,Southern,93.0,0.0,0.0,0.0,0.0,0.0,0.0,Ministry of Health and sanitation,https://twitter.com/mohs_sl?lang=fr
2020-04-17,SLE,Sierra Leone,9.0,Western,94.0,3.0,0.0,0.0,0.0,3.0,0.0,Ministry of Health and sanitation,https://twitter.com/mohs_sl?lang=fr
2020-04-18,SLE,Sierra Leone,9.0,Northern,91.0,1.0,0.0,0.0,1.0,0.0,0.0,Ministry of Health and sanitation,https://twitter.com/mohs_sl?lang=fr
2020-04-18,SLE,Sierra Leone,9.0,Eastern,92.0,0.0,0.0,0.0,0.0,0.0,0.0,Ministry of Health and sanitation,https://twitter.com/mohs_sl?lang=fr
2020-04-18,SLE,Sierra Leone,9.0,Southern,93.0,0.0,0.0,0.0,0.0,0.0,0.0,Ministry of Health and sanitation,https://twitter.com/mohs_sl?lang=fr
2020-04-18,SLE,Sierra Leone,9.0,Western,94.0,4.0,0.0,0.0,4.0,0.0,0.0,Ministry of Health and sanitation,https://twitter.com/mohs_sl?lang=fr
2020-04-19,SLE,Sierra Leone,9.0,Northern,91.0,1.0,0.0,,,,1.0,Ministry of Health and sanitation,https://twitter.com/mohs_sl?lang=fr
2020-04-19,SLE,Sierra Leone,9.0,Eastern,92.0,1.0,0.0,,,,1.0,Ministry of Health and sanitation,https://twitter.com/mohs_sl?lang=fr
2020-04-19,SLE,Sierra Leone,9.0,Southern,93.0,0.0,0.0,,0.0,0.0,0.0,Ministry of Health and sanitation,https://twitter.com/mohs_sl?lang=fr
2020-04-19,SLE,Sierra Leone,9.0,Western,94.0,6.0,0.0,,,,6.0,Ministry of Health and sanitation,https://twitter.com/mohs_sl?lang=fr
2020-04-20,SLE,Sierra Leone,9.0,Northern,91.0,0.0,0.0,0.0,0.0,0.0,0.0,Ministry of Health and sanitation,https://twitter.com/mohs_sl?lang=fr
2020-04-20,SLE,Sierra Leone,9.0,Eastern,92.0,0.0,0.0,0.0,0.0,0.0,0.0,Ministry of Health and sanitation,https://twitter.com/mohs_sl?lang=fr
2020-04-20,SLE,Sierra Leone,9.0,Southern,93.0,0.0,0.0,0.0,0.0,0.0,0.0,Ministry of Health and sanitation,https://twitter.com/mohs_sl?lang=fr
2020-04-20,SLE,Sierra Leone,9.0,Western,94.0,7.0,0.0,0.0,5.0,2.0,0.0,Ministry of Health and sanitation,https://twitter.com/mohs_sl?lang=fr
2020-04-21,SLE,Sierra Leone,9.0,Northern,91.0,0.0,0.0,0.0,0.0,0.0,0.0,Ministry of Health and sanitation,https://twitter.com/mohs_sl?lang=fr
2020-04-21,SLE,Sierra Leone,9.0,Eastern,92.0,0.0,0.0,0.0,0.0,0.0,0.0,Ministry of Health and sanitation,https://twitter.com/mohs_sl?lang=fr
2020-04-21,SLE,Sierra Leone,9.0,Southern,93.0,0.0,0.0,0.0,0.0,0.0,0.0,Ministry of Health and sanitation,https://twitter.com/mohs_sl?lang=fr
2020-04-21,SLE,Sierra Leone,9.0,Western,94.0,11.0,0.0,0.0,4.0,7.0,0.0,Ministry of Health and sanitation,https://twitter.com/mohs_sl?lang=fr
2020-04-22,SLE,Sierra Leone,9.0,Northern,91.0,0.0,0.0,,0.0,0.0,0.0,Ministry of Health and sanitation,https://twitter.com/mohs_sl?lang=fr
2020-04-22,SLE,Sierra Leone,9.0,Eastern,92.0,0.0,0.0,,0.0,0.0,0.0,Ministry of Health and sanitation,https://twitter.com/mohs_sl?lang=fr
2020-04-22,SLE,Sierra Leone,9.0,Southern,93.0,0.0,0.0,,0.0,0.0,0.0,Ministry of Health and sanitation,https://twitter.com/mohs_sl?lang=fr
2020-04-22,SLE,Sierra Leone,9.0,Western,94.0,3.0,1.0,,2.0,1.0,0.0,Ministry of Health and sanitation,https://twitter.com/mohs_sl?lang=fr
2020-04-23,SLE,Sierra Leone,9.0,Northern,91.0,1.0,0.0,0.0,,,1.0,Ministry of Health and sanitation,https://twitter.com/mohs_sl?lang=fr
2020-04-23,SLE,Sierra Leone,9.0,Eastern,92.0,0.0,0.0,0.0,0.0,0.0,0.0,Ministry of Health and sanitation,https://twitter.com/mohs_sl?lang=fr
2020-04-23,SLE,Sierra Leone,9.0,Southern,93.0,0.0,0.0,0.0,0.0,0.0,0.0,Ministry of Health and sanitation,https://twitter.com/mohs_sl?lang=fr
2020-04-23,SLE,Sierra Leone,9.0,Western,94.0,17.0,1.0,0.0,,,17.0,Ministry of Health and sanitation,https://twitter.com/mohs_sl?lang=fr
2020-04-24,SLE,Sierra Leone,9.0,Northern,91.0,0.0,0.0,0.0,0.0,0.0,0.0,Ministry of Health and sanitation,https://twitter.com/mohs_sl?lang=fr
2020-04-24,SLE,Sierra Leone,9.0,Eastern,92.0,0.0,0.0,0.0,0.0,0.0,0.0,Ministry of Health and sanitation,https://twitter.com/mohs_sl?lang=fr
2020-04-24,SLE,Sierra Leone,9.0,Southern,93.0,0.0,0.0,0.0,0.0,0.0,0.0,Ministry of Health and sanitation,https://twitter.com/mohs_sl?lang=fr
2020-04-24,SLE,Sierra Leone,9.0,Western,94.0,0.0,1.0,0.0,0.0,0.0,0.0,Ministry of Health and sanitation,https://twitter.com/mohs_sl?lang=fr
2020-04-25,SLE,Sierra Leone,9.0,Northern,91.0,1.0,0.0,0.0,,,1.0,Ministry of Health and sanitation,https://twitter.com/mohs_sl?lang=fr
2020-04-25,SLE,Sierra Leone,9.0,Eastern,92.0,0.0,0.0,0.0,0.0,0.0,0.0,Ministry of Health and sanitation,https://twitter.com/mohs_sl?lang=fr
2020-04-25,SLE,Sierra Leone,9.0,Southern,93.0,0.0,0.0,0.0,0.0,0.0,0.0,Ministry of Health and sanitation,https://twitter.com/mohs_sl?lang=fr
2020-04-25,SLE,Sierra Leone,9.0,Western,94.0,10.0,0.0,0.0,,,10.0,Ministry of Health and sanitation,https://twitter.com/mohs_sl?lang=fr
2020-04-26,SLE,Sierra Leone,9.0,Northern,91.0,0.0,,0.0,0.0,0.0,0.0,Ministry of Health and sanitation,https://twitter.com/mohs_sl?lang=fr
2020-04-26,SLE,Sierra Leone,9.0,Eastern,92.0,0.0,,0.0,0.0,0.0,0.0,Ministry of Health and sanitation,https://twitter.com/mohs_sl?lang=fr
2020-04-26,SLE,Sierra Leone,9.0,Southern,93.0,0.0,,0.0,0.0,0.0,0.0,Ministry of Health and sanitation,https://twitter.com/mohs_sl?lang=fr
2020-04-26,SLE,Sierra Leone,9.0,Western,94.0,6.0,,0.0,4.0,2.0,0.0,Ministry of Health and sanitation,https://twitter.com/mohs_sl?lang=fr
2020-04-27,SLE,Sierra Leone,9.0,Northern,91.0,0.0,0.0,,0.0,0.0,0.0,Ministry of Health and sanitation,https://twitter.com/mohs_sl?lang=fr
2020-04-27,SLE,Sierra Leone,9.0,Eastern,92.0,0.0,0.0,,0.0,0.0,0.0,Ministry of Health and sanitation,https://twitter.com/mohs_sl?lang=fr
2020-04-27,SLE,Sierra Leone,9.0,Southern,93.0,0.0,0.0,,0.0,0.0,0.0,Ministry of Health and sanitation,https://twitter.com/mohs_sl?lang=fr
2020-04-27,SLE,Sierra Leone,9.0,Western,94.0,5.0,0.0,,4.0,1.0,0.0,Ministry of Health and sanitation,https://twitter.com/mohs_sl?lang=fr
2020-04-28,SLE,Sierra Leone,9.0,Northern,91.0,4.0,0.0,,,,4.0,Ministry of Health and sanitation,https://twitter.com/mohs_sl?lang=fr
2020-04-28,SLE,Sierra Leone,9.0,Eastern,92.0,0.0,0.0,,0.0,0.0,0.0,Ministry of Health and sanitation,https://twitter.com/mohs_sl?lang=fr
2020-04-28,SLE,Sierra Leone,9.0,Southern,93.0,4.0,0.0,,,,4.0,Ministry of Health and sanitation,https://twitter.com/mohs_sl?lang=fr
2020-04-28,SLE,Sierra Leone,9.0,Western,94.0,4.0,0.0,,,,4.0,Ministry of Health and sanitation,https://twitter.com/mohs_sl?lang=fr
2020-04-29,SLE,Sierra Leone,9.0,Northern,91.0,1.0,0.0,,,,1.0,Ministry of Health and sanitation,https://twitter.com/mohs_sl?lang=fr
2020-04-29,SLE,Sierra Leone,9.0,Eastern,92.0,1.0,0.0,,,,1.0,Ministry of Health and sanitation,https://twitter.com/mohs_sl?lang=fr
2020-04-29,SLE,Sierra Leone,9.0,Southern,93.0,6.0,0.0,,0.0,0.0,6.0,Ministry of Health and sanitation,https://twitter.com/mohs_sl?lang=fr
2020-04-29,SLE,Sierra Leone,9.0,Western,94.0,0.0,0.0,,0.0,0.0,0.0,Ministry of Health and sanitation,https://twitter.com/mohs_sl?lang=fr
2020-04-30,SLE,Sierra Leone,9.0,Northern,91.0,2.0,,0.0,,,2.0,Ministry of Health and sanitation,https://twitter.com/mohs_sl?lang=fr
2020-04-30,SLE,Sierra Leone,9.0,Eastern,92.0,0.0,,0.0,0.0,0.0,0.0,Ministry of Health and sanitation,https://twitter.com/mohs_sl?lang=fr
2020-04-30,SLE,Sierra Leone,9.0,Southern,93.0,0.0,,0.0,0.0,0.0,0.0,Ministry of Health and sanitation,https://twitter.com/mohs_sl?lang=fr
2020-04-30,SLE,Sierra Leone,9.0,Western,94.0,10.0,,0.0,,,10.0,Ministry of Health and sanitation,https://twitter.com/mohs_sl?lang=fr
2020-05-01,SLE,Sierra Leone,9.0,Northern,91.0,0.0,,0.0,0.0,0.0,0.0,Ministry of Health and sanitation,https://twitter.com/mohs_sl?lang=fr
2020-05-01,SLE,Sierra Leone,9.0,Eastern,92.0,1.0,,0.0,,,1.0,Ministry of Health and sanitation,https://twitter.com/mohs_sl?lang=fr
2020-05-01,SLE,Sierra Leone,9.0,Southern,93.0,0.0,,0.0,0.0,0.0,0.0,Ministry of Health and sanitation,https://twitter.com/mohs_sl?lang=fr
2020-05-01,SLE,Sierra Leone,9.0,Western,94.0,18.0,,0.0,,,18.0,Ministry of Health and sanitation,https://twitter.com/mohs_sl?lang=fr
2020-05-02,SLE,Sierra Leone,9.0,Northern,91.0,0.0,0.0,,0.0,0.0,0.0,Ministry of Health and sanitation,https://twitter.com/mohs_sl?lang=fr
2020-05-02,SLE,Sierra Leone,9.0,Eastern,92.0,1.0,0.0,,0.0,1.0,0.0,Ministry of Health and sanitation,https://twitter.com/mohs_sl?lang=fr
2020-05-02,SLE,Sierra Leone,9.0,Southern,93.0,1.0,0.0,,,,1.0,Ministry of Health and sanitation,https://twitter.com/mohs_sl?lang=fr
2020-05-02,SLE,Sierra Leone,9.0,Western,94.0,0.0,0.0,,0.0,0.0,0.0,Ministry of Health and sanitation,https://twitter.com/mohs_sl?lang=fr
2020-05-03,SLE,Sierra Leone,9.0,Northern,91.0,1.0,,,,,1.0,Ministry of Health and sanitation,https://twitter.com/mohs_sl?lang=fr
2020-05-03,SLE,Sierra Leone,9.0,Eastern,92.0,0.0,,,0.0,0.0,0.0,Ministry of Health and sanitation,https://twitter.com/mohs_sl?lang=fr
2020-05-03,SLE,Sierra Leone,9.0,Southern,93.0,0.0,,,0.0,0.0,0.0,Ministry of Health and sanitation,https://twitter.com/mohs_sl?lang=fr
2020-05-03,SLE,Sierra Leone,9.0,Western,94.0,20.0,,,,,20.0,Ministry of Health and sanitation,https://twitter.com/mohs_sl?lang=fr
2020-05-04,SLE,Sierra Leone,9.0,Northern,91.0,0.0,,,0.0,0.0,0.0,Ministry of Health and sanitation,https://twitter.com/mohs_sl?lang=fr
2020-05-04,SLE,Sierra Leone,9.0,Eastern,92.0,4.0,,,,,4.0,Ministry of Health and sanitation,https://twitter.com/mohs_sl?lang=fr
2020-05-04,SLE,Sierra Leone,9.0,Southern,93.0,0.0,,,0.0,0.0,0.0,Ministry of Health and sanitation,https://twitter.com/mohs_sl?lang=fr
2020-05-04,SLE,Sierra Leone,9.0,Western,94.0,17.0,,,,,17.0,Ministry of Health and sanitation,https://twitter.com/mohs_sl?lang=fr
2020-05-05,SLE,Sierra Leone,9.0,Northern,91.0,0.0,,,0.0,0.0,0.0,Ministry of Health and sanitation,https://twitter.com/mohs_sl?lang=fr
2020-05-05,SLE,Sierra Leone,9.0,Eastern,92.0,0.0,,,0.0,0.0,0.0,Ministry of Health and sanitation,https://twitter.com/mohs_sl?lang=fr
2020-05-05,SLE,Sierra Leone,9.0,Southern,93.0,0.0,,,0.0,0.0,0.0,Ministry of Health and sanitation,https://twitter.com/mohs_sl?lang=fr
2020-05-05,SLE,Sierra Leone,9.0,Western,94.0,0.0,,,,,0.0,Ministry of Health and sanitation,https://twitter.com/mohs_sl?lang=fr
2020-05-06,SLE,Sierra Leone,9.0,Northern,91.0,2.0,,0.0,,,2.0,Ministry of Health and sanitation,https://twitter.com/mohs_sl?lang=fr
2020-05-06,SLE,Sierra Leone,9.0,Eastern,92.0,0.0,,0.0,0.0,0.0,0.0,Ministry of Health and sanitation,https://twitter.com/mohs_sl?lang=fr
2020-05-06,SLE,Sierra Leone,9.0,Southern,93.0,0.0,,0.0,0.0,0.0,0.0,Ministry of Health and sanitation,https://twitter.com/mohs_sl?lang=fr
2020-05-06,SLE,Sierra Leone,9.0,Western,94.0,30.0,,0.0,,,30.0,Ministry of Health and sanitation,https://twitter.com/mohs_sl?lang=fr
2020-05-07,SLE,Sierra Leone,9.0,Northern,91.0,1.0,,0.0,,,1.0,Ministry of Health and sanitation,https://twitter.com/mohs_sl?lang=fr
2020-05-07,SLE,Sierra Leone,9.0,Eastern,92.0,0.0,,0.0,0.0,0.0,0.0,Ministry of Health and sanitation,https://twitter.com/mohs_sl?lang=fr
2020-05-07,SLE,Sierra Leone,9.0,Southern,93.0,1.0,,0.0,,,1.0,Ministry of Health and sanitation,https://twitter.com/mohs_sl?lang=fr
2020-05-07,SLE,Sierra Leone,9.0,Western,94.0,24.0,,0.0,,,24.0,Ministry of Health and sanitation,https://twitter.com/mohs_sl?lang=fr
2020-05-08,SLE,Sierra Leone,9.0,Northern,91.0,4.0,,,,,4.0,Ministry of Health and sanitation,https://twitter.com/mohs_sl?lang=fr
2020-05-08,SLE,Sierra Leone,9.0,Eastern,92.0,0.0,,,0.0,0.0,0.0,Ministry of Health and sanitation,https://twitter.com/mohs_sl?lang=fr
2020-05-08,SLE,Sierra Leone,9.0,Southern,93.0,6.0,,,,,6.0,Ministry of Health and sanitation,https://twitter.com/mohs_sl?lang=fr
2020-05-08,SLE,Sierra Leone,9.0,Western,94.0,40.0,,,,,40.0,Ministry of Health and sanitation,https://twitter.com/mohs_sl?lang=fr
2020-05-09,SLE,Sierra Leone,9.0,Northern,91.0,0.0,0.0,0.0,0.0,0.0,0.0,Ministry of Health and sanitation,https://twitter.com/mohs_sl?lang=fr
2020-05-09,SLE,Sierra Leone,9.0,Eastern,92.0,0.0,0.0,0.0,0.0,0.0,0.0,Ministry of Health and sanitation,https://twitter.com/mohs_sl?lang=fr
2020-05-09,SLE,Sierra Leone,9.0,Southern,93.0,0.0,0.0,0.0,,,0.0,Ministry of Health and sanitation,https://twitter.com/mohs_sl?lang=fr
2020-05-09,SLE,Sierra Leone,9.0,Western,94.0,0.0,0.0,0.0,0.0,0.0,0.0,Ministry of Health and sanitation,https://twitter.com/mohs_sl?lang=fr
2020-05-10,SLE,Sierra Leone,9.0,Northern,91.0,0.0,,,0.0,0.0,0.0,Ministry of Health and sanitation,https://twitter.com/mohs_sl?lang=fr
2020-05-10,SLE,Sierra Leone,9.0,Eastern,92.0,0.0,,,0.0,0.0,0.0,Ministry of Health and sanitation,https://twitter.com/mohs_sl?lang=fr
2020-05-10,SLE,Sierra Leone,9.0,Southern,93.0,5.0,,,,,5.0,Ministry of Health and sanitation,https://twitter.com/mohs_sl?lang=fr
2020-05-10,SLE,Sierra Leone,9.0,Western,94.0,26.0,,,,,26.0,Ministry of Health and sanitation,https://twitter.com/mohs_sl?lang=fr
2020-05-11,SLE,Sierra Leone,9.0,Northern,91.0,0.0,,0.0,0.0,0.0,0.0,Ministry of Health and sanitation,https://twitter.com/mohs_sl?lang=fr
2020-05-11,SLE,Sierra Leone,9.0,Eastern,92.0,0.0,,0.0,0.0,0.0,0.0,Ministry of Health and sanitation,https://twitter.com/mohs_sl?lang=fr
2020-05-11,SLE,Sierra Leone,9.0,Southern,93.0,0.0,,0.0,0.0,0.0,0.0,Ministry of Health and sanitation,https://twitter.com/mohs_sl?lang=fr
2020-05-11,SLE,Sierra Leone,9.0,Western,94.0,0.0,,0.0,0.0,0.0,0.0,Ministry of Health and sanitation,https://twitter.com/mohs_sl?lang=fr
2020-05-12,SLE,Sierra Leone,9.0,Northern,91.0,,,,,,,Ministry of Health and sanitation,https://twitter.com/mohs_sl?lang=fr
2020-05-12,SLE,Sierra Leone,9.0,Eastern,92.0,,,,,,,Ministry of Health and sanitation,https://twitter.com/mohs_sl?lang=fr
2020-05-12,SLE,Sierra Leone,9.0,Southern,93.0,,,,,,,Ministry of Health and sanitation,https://twitter.com/mohs_sl?lang=fr
2020-05-12,SLE,Sierra Leone,9.0,Western,94.0,,,,,,,Ministry of Health and sanitation,https://twitter.com/mohs_sl?lang=fr
2020-05-13,SLE,Sierra Leone,9.0,Northern,91.0,1.0,,,,,1.0,Ministry of Health and sanitation,https://twitter.com/mohs_sl?lang=fr
2020-05-13,SLE,Sierra Leone,9.0,Eastern,92.0,4.0,,,,,4.0,Ministry of Health and sanitation,https://twitter.com/mohs_sl?lang=fr
2020-05-13,SLE,Sierra Leone,9.0,Southern,93.0,0.0,,,0.0,0.0,0.0,Ministry of Health and sanitation,https://twitter.com/mohs_sl?lang=fr
2020-05-13,SLE,Sierra Leone,9.0,Western,94.0,65.0,,,,,65.0,Ministry of Health and sanitation,https://twitter.com/mohs_sl?lang=fr
2020-05-14,SLE,Sierra Leone,9.0,Northern,91.0,0.0,,,0.0,0.0,0.0,Ministry of Health and sanitation,https://twitter.com/mohs_sl?lang=fr
2020-05-14,SLE,Sierra Leone,9.0,Eastern,92.0,0.0,,,0.0,0.0,0.0,Ministry of Health and sanitation,https://twitter.com/mohs_sl?lang=fr
2020-05-14,SLE,Sierra Leone,9.0,Southern,93.0,2.0,,,,,2.0,Ministry of Health and sanitation,https://twitter.com/mohs_sl?lang=fr
2020-05-14,SLE,Sierra Leone,9.0,Western,94.0,36.0,,,,,36.0,Ministry of Health and sanitation,https://twitter.com/mohs_sl?lang=fr
2020-05-15,SLE,Sierra Leone,9.0,Northern,91.0,,,,,,,Ministry of Health and sanitation,https://twitter.com/mohs_sl?lang=fr
2020-05-15,SLE,Sierra Leone,9.0,Eastern,92.0,,,,,,,Ministry of Health and sanitation,https://twitter.com/mohs_sl?lang=fr
2020-05-15,SLE,Sierra Leone,9.0,Southern,93.0,,,,,,,Ministry of Health and sanitation,https://twitter.com/mohs_sl?lang=fr
2020-05-15,SLE,Sierra Leone,9.0,Western,94.0,,,,,,,Ministry of Health and sanitation,https://twitter.com/mohs_sl?lang=fr
2020-05-16,SLE,Sierra Leone,9.0,Northern,91.0,4.0,,,,,4.0,Ministry of Health and sanitation,https://twitter.com/mohs_sl?lang=fr
2020-05-16,SLE,Sierra Leone,9.0,Eastern,92.0,14.0,,,,,14.0,Ministry of Health and sanitation,https://twitter.com/mohs_sl?lang=fr
2020-05-16,SLE,Sierra Leone,9.0,Southern,93.0,11.0,,,,,11.0,Ministry of Health and sanitation,https://twitter.com/mohs_sl?lang=fr
2020-05-16,SLE,Sierra Leone,9.0,Western,94.0,30.0,,,,,30.0,Ministry of Health and sanitation,https://twitter.com/mohs_sl?lang=fr
2020-05-17,SLE,Sierra Leone,9.0,Northern,91.0,0.0,,,0.0,0.0,0.0,Ministry of Health and sanitation,https://twitter.com/mohs_sl?lang=fr
2020-05-17,SLE,Sierra Leone,9.0,Eastern,92.0,6.0,,,,,6.0,Ministry of Health and sanitation,https://twitter.com/mohs_sl?lang=fr
2020-05-17,SLE,Sierra Leone,9.0,Southern,93.0,4.0,,,,,4.0,Ministry of Health and sanitation,https://twitter.com/mohs_sl?lang=fr
2020-05-17,SLE,Sierra Leone,9.0,Western,94.0,4.0,,,,,4.0,Ministry of Health and sanitation,https://twitter.com/mohs_sl?lang=fr
2020-05-18,SLE,Sierra Leone,9.0,Northern,91.0,1.0,0.0,,,,1.0,Ministry of Health and sanitation,https://twitter.com/mohs_sl?lang=fr
2020-05-18,SLE,Sierra Leone,9.0,Eastern,92.0,0.0,0.0,,0.0,0.0,0.0,Ministry of Health and sanitation,https://twitter.com/mohs_sl?lang=fr
2020-05-18,SLE,Sierra Leone,9.0,Southern,93.0,3.0,0.0,,,,3.0,Ministry of Health and sanitation,https://twitter.com/mohs_sl?lang=fr
2020-05-18,SLE,Sierra Leone,9.0,Western,94.0,11.0,0.0,,,,11.0,Ministry of Health and sanitation,https://twitter.com/mohs_sl?lang=fr
2020-05-19,SLE,Sierra Leone,9.0,Northern,91.0,2.0,,,,,2.0,Ministry of Health and sanitation,https://twitter.com/mohs_sl?lang=fr
2020-05-19,SLE,Sierra Leone,9.0,Eastern,92.0,2.0,,,,,2.0,Ministry of Health and sanitation,https://twitter.com/mohs_sl?lang=fr
2020-05-19,SLE,Sierra Leone,9.0,Southern,93.0,0.0,,,0.0,0.0,0.0,Ministry of Health and sanitation,https://twitter.com/mohs_sl?lang=fr
2020-05-19,SLE,Sierra Leone,9.0,Western,94.0,32.0,,,,,32.0,Ministry of Health and sanitation,https://twitter.com/mohs_sl?lang=fr
2020-05-20,SLE,Sierra Leone,9.0,Northern,91.0,3.0,,0.0,,,3.0,Ministry of Health and sanitation,https://twitter.com/mohs_sl?lang=fr
2020-05-20,SLE,Sierra Leone,9.0,Eastern,92.0,4.0,,0.0,,,4.0,Ministry of Health and sanitation,https://twitter.com/mohs_sl?lang=fr
2020-05-20,SLE,Sierra Leone,9.0,Southern,93.0,0.0,,0.0,,,0.0,Ministry of Health and sanitation,https://twitter.com/mohs_sl?lang=fr
2020-05-20,SLE,Sierra Leone,9.0,Western,94.0,8.0,,0.0,,,8.0,Ministry of Health and sanitation,https://twitter.com/mohs_sl?lang=fr
2020-05-21,SLE,Sierra Leone,9.0,Northern,91.0,0.0,0.0,0.0,0.0,0.0,0.0,Ministry of Health and sanitation,https://twitter.com/mohs_sl?lang=fr
2020-05-21,SLE,Sierra Leone,9.0,Eastern,92.0,0.0,0.0,0.0,0.0,0.0,0.0,Ministry of Health and sanitation,https://twitter.com/mohs_sl?lang=fr
2020-05-21,SLE,Sierra Leone,9.0,Southern,93.0,0.0,0.0,0.0,0.0,0.0,0.0,Ministry of Health and sanitation,https://twitter.com/mohs_sl?lang=fr
2020-05-21,SLE,Sierra Leone,9.0,Western,94.0,0.0,0.0,0.0,0.0,0.0,0.0,Ministry of Health and sanitation,https://twitter.com/mohs_sl?lang=fr
2020-05-22,SLE,Sierra Leone,9.0,Northern,91.0,0.0,0.0,0.0,0.0,0.0,0.0,Ministry of Health and sanitation,https://twitter.com/mohs_sl?lang=fr
2020-05-22,SLE,Sierra Leone,9.0,Eastern,92.0,0.0,0.0,0.0,0.0,0.0,0.0,Ministry of Health and sanitation,https://twitter.com/mohs_sl?lang=fr
2020-05-22,SLE,Sierra Leone,9.0,Southern,93.0,0.0,0.0,0.0,0.0,0.0,0.0,Ministry of Health and sanitation,https://twitter.com/mohs_sl?lang=fr
2020-05-22,SLE,Sierra Leone,9.0,Western,94.0,0.0,0.0,0.0,0.0,0.0,0.0,Ministry of Health and sanitation,https://twitter.com/mohs_sl?lang=fr
2020-05-23,SLE,Sierra Leone,9.0,Northern,91.0,0.0,0.0,0.0,0.0,0.0,0.0,Ministry of Health and sanitation,https://twitter.com/mohs_sl?lang=fr
2020-05-23,SLE,Sierra Leone,9.0,Eastern,92.0,0.0,0.0,0.0,0.0,0.0,0.0,Ministry of Health and sanitation,https://twitter.com/mohs_sl?lang=fr
2020-05-23,SLE,Sierra Leone,9.0,Southern,93.0,0.0,0.0,0.0,0.0,0.0,0.0,Ministry of Health and sanitation,https://twitter.com/mohs_sl?lang=fr
2020-05-23,SLE,Sierra Leone,9.0,Western,94.0,0.0,0.0,0.0,0.0,0.0,0.0,Ministry of Health and sanitation,https://twitter.com/mohs_sl?lang=fr
2020-05-24,SLE,Sierra Leone,9.0,Northern,91.0,6.0,,,,,6.0,Ministry of Health and sanitation,https://twitter.com/mohs_sl?lang=fr
2020-05-24,SLE,Sierra Leone,9.0,Eastern,92.0,7.0,,,,,7.0,Ministry of Health and sanitation,https://twitter.com/mohs_sl?lang=fr
2020-05-24,SLE,Sierra Leone,9.0,Southern,93.0,9.0,,,,,9.0,Ministry of Health and sanitation,https://twitter.com/mohs_sl?lang=fr
2020-05-24,SLE,Sierra Leone,9.0,Western,94.0,128.0,,,,,128.0,Ministry of Health and sanitation,https://twitter.com/mohs_sl?lang=fr
2020-05-25,SLE,Sierra Leone,9.0,Northern,91.0,0.0,0.0,0.0,0.0,0.0,0.0,Ministry of Health and sanitation,https://twitter.com/mohs_sl?lang=fr
2020-05-25,SLE,Sierra Leone,9.0,Eastern,92.0,0.0,0.0,0.0,0.0,0.0,0.0,Ministry of Health and sanitation,https://twitter.com/mohs_sl?lang=fr
2020-05-25,SLE,Sierra Leone,9.0,Southern,93.0,0.0,0.0,0.0,0.0,0.0,0.0,Ministry of Health and sanitation,https://twitter.com/mohs_sl?lang=fr
2020-05-25,SLE,Sierra Leone,9.0,Western,94.0,0.0,0.0,0.0,0.0,0.0,0.0,Ministry of Health and sanitation,https://twitter.com/mohs_sl?lang=fr
2020-05-26,SLE,Sierra Leone,9.0,Northern,91.0,10.0,,,,,10.0,Ministry of Health and sanitation,https://twitter.com/mohs_sl?lang=fr
2020-05-26,SLE,Sierra Leone,9.0,Eastern,92.0,1.0,,,,,1.0,Ministry of Health and sanitation,https://twitter.com/mohs_sl?lang=fr
2020-05-26,SLE,Sierra Leone,9.0,Southern,93.0,11.0,,,,,11.0,Ministry of Health and sanitation,https://twitter.com/mohs_sl?lang=fr
2020-05-26,SLE,Sierra Leone,9.0,Western,94.0,21.0,,,,,21.0,Ministry of Health and sanitation,https://twitter.com/mohs_sl?lang=fr
2020-05-27,SLE,Sierra Leone,9.0,Northern,91.0,0.0,0.0,0.0,0.0,0.0,0.0,Ministry of Health and sanitation,https://twitter.com/mohs_sl?lang=fr
2020-05-27,SLE,Sierra Leone,9.0,Eastern,92.0,0.0,0.0,0.0,0.0,0.0,0.0,Ministry of Health and sanitation,https://twitter.com/mohs_sl?lang=fr
2020-05-27,SLE,Sierra Leone,9.0,Southern,93.0,0.0,0.0,0.0,0.0,0.0,0.0,Ministry of Health and sanitation,https://twitter.com/mohs_sl?lang=fr
2020-05-27,SLE,Sierra Leone,9.0,Western,94.0,0.0,0.0,0.0,0.0,0.0,0.0,Ministry of Health and sanitation,https://twitter.com/mohs_sl?lang=fr
2020-05-28,SLE,Sierra Leone,9.0,Northern,91.0,0.0,0.0,,0.0,0.0,0.0,Ministry of Health and sanitation,https://twitter.com/mohs_sl?lang=fr
2020-05-28,SLE,Sierra Leone,9.0,Eastern,92.0,5.0,0.0,,,,5.0,Ministry of Health and sanitation,https://twitter.com/mohs_sl?lang=fr
2020-05-28,SLE,Sierra Leone,9.0,Southern,93.0,9.0,0.0,,,,9.0,Ministry of Health and sanitation,https://twitter.com/mohs_sl?lang=fr
2020-05-28,SLE,Sierra Leone,9.0,Western,94.0,37.0,0.0,,,,37.0,Ministry of Health and sanitation,https://twitter.com/mohs_sl?lang=fr
2020-05-29,SLE,Sierra Leone,9.0,Northern,91.0,0.0,0.0,0.0,0.0,0.0,0.0,Ministry of Health and sanitation,https://twitter.com/mohs_sl?lang=fr
2020-05-29,SLE,Sierra Leone,9.0,Eastern,92.0,0.0,0.0,0.0,0.0,0.0,0.0,Ministry of Health and sanitation,https://twitter.com/mohs_sl?lang=fr
2020-05-29,SLE,Sierra Leone,9.0,Southern,93.0,0.0,0.0,0.0,0.0,0.0,0.0,Ministry of Health and sanitation,https://twitter.com/mohs_sl?lang=fr
2020-05-29,SLE,Sierra Leone,9.0,Western,94.0,0.0,0.0,0.0,0.0,0.0,0.0,Ministry of Health and sanitation,https://twitter.com/mohs_sl?lang=fr
2020-05-30,SLE,Sierra Leone,9.0,Northern,91.0,0.0,0.0,0.0,0.0,0.0,0.0,Ministry of Health and sanitation,https://twitter.com/mohs_sl?lang=fr
2020-05-30,SLE,Sierra Leone,9.0,Eastern,92.0,0.0,0.0,0.0,0.0,0.0,0.0,Ministry of Health and sanitation,https://twitter.com/mohs_sl?lang=fr
2020-05-30,SLE,Sierra Leone,9.0,Southern,93.0,0.0,0.0,0.0,0.0,0.0,0.0,Ministry of Health and sanitation,https://twitter.com/mohs_sl?lang=fr
2020-05-30,SLE,Sierra Leone,9.0,Western,94.0,0.0,0.0,0.0,0.0,0.0,0.0,Ministry of Health and sanitation,https://twitter.com/mohs_sl?lang=fr
2020-05-31,SLE,Sierra Leone,9.0,Northern,91.0,0.0,0.0,0.0,0.0,0.0,0.0,Ministry of Health and sanitation,https://twitter.com/mohs_sl?lang=fr
2020-05-31,SLE,Sierra Leone,9.0,Eastern,92.0,0.0,0.0,0.0,0.0,0.0,0.0,Ministry of Health and sanitation,https://twitter.com/mohs_sl?lang=fr
2020-05-31,SLE,Sierra Leone,9.0,Southern,93.0,0.0,0.0,0.0,0.0,0.0,0.0,Ministry of Health and sanitation,https://twitter.com/mohs_sl?lang=fr
2020-05-31,SLE,Sierra Leone,9.0,Western,94.0,0.0,0.0,0.0,0.0,0.0,0.0,Ministry of Health and sanitation,https://twitter.com/mohs_sl?lang=fr
2020-06-01,SLE,Sierra Leone,9.0,Northern,91.0,2.0,,,,,2.0,Ministry of Health and sanitation,https://twitter.com/mohs_sl?lang=fr
2020-06-01,SLE,Sierra Leone,9.0,Eastern,92.0,42.0,,,,,42.0,Ministry of Health and sanitation,https://twitter.com/mohs_sl?lang=fr
2020-06-01,SLE,Sierra Leone,9.0,Southern,93.0,10.0,,,,,10.0,Ministry of Health and sanitation,https://twitter.com/mohs_sl?lang=fr
2020-06-01,SLE,Sierra Leone,9.0,Western,94.0,13.0,,,,,13.0,Ministry of Health and sanitation,https://twitter.com/mohs_sl?lang=fr
2020-06-02,SLE,Sierra Leone,9.0,Northern,91.0,2.0,,,,,2.0,Ministry of Health and sanitation,https://twitter.com/mohs_sl?lang=fr
2020-06-02,SLE,Sierra Leone,9.0,Eastern,92.0,0.0,,,0.0,0.0,0.0,Ministry of Health and sanitation,https://twitter.com/mohs_sl?lang=fr
2020-06-02,SLE,Sierra Leone,9.0,Southern,93.0,8.0,,,,,8.0,Ministry of Health and sanitation,https://twitter.com/mohs_sl?lang=fr
2020-06-02,SLE,Sierra Leone,9.0,Western,94.0,3.0,,,,,3.0,Ministry of Health and sanitation,https://twitter.com/mohs_sl?lang=fr
2020-06-03,SLE,Sierra Leone,9.0,Northern,91.0,0.0,0.0,0.0,0.0,0.0,0.0,Ministry of Health and sanitation,https://twitter.com/mohs_sl?lang=fr
2020-06-03,SLE,Sierra Leone,9.0,Eastern,92.0,0.0,0.0,0.0,0.0,0.0,0.0,Ministry of Health and sanitation,https://twitter.com/mohs_sl?lang=fr
2020-06-03,SLE,Sierra Leone,9.0,Southern,93.0,0.0,0.0,0.0,0.0,0.0,0.0,Ministry of Health and sanitation,https://twitter.com/mohs_sl?lang=fr
2020-06-03,SLE,Sierra Leone,9.0,Western,94.0,0.0,0.0,0.0,0.0,0.0,0.0,Ministry of Health and sanitation,https://twitter.com/mohs_sl?lang=fr
2020-06-04,SLE,Sierra Leone,9.0,Northern,91.0,0.0,0.0,0.0,0.0,0.0,0.0,Ministry of Health and sanitation,https://twitter.com/mohs_sl?lang=fr
2020-06-04,SLE,Sierra Leone,9.0,Eastern,92.0,0.0,0.0,0.0,0.0,0.0,0.0,Ministry of Health and sanitation,https://twitter.com/mohs_sl?lang=fr
2020-06-04,SLE,Sierra Leone,9.0,Southern,93.0,0.0,0.0,0.0,0.0,0.0,0.0,Ministry of Health and sanitation,https://twitter.com/mohs_sl?lang=fr
2020-06-04,SLE,Sierra Leone,9.0,Western,94.0,0.0,0.0,0.0,0.0,0.0,0.0,Ministry of Health and sanitation,https://twitter.com/mohs_sl?lang=fr
2020-06-05,SLE,Sierra Leone,9.0,Northern,91.0,2.0,,0.0,,,2.0,Ministry of Health and sanitation,https://twitter.com/mohs_sl?lang=fr
2020-06-05,SLE,Sierra Leone,9.0,Eastern,92.0,13.0,,0.0,,,13.0,Ministry of Health and sanitation,https://twitter.com/mohs_sl?lang=fr
2020-06-05,SLE,Sierra Leone,9.0,Southern,93.0,12.0,,0.0,,,12.0,Ministry of Health and sanitation,https://twitter.com/mohs_sl?lang=fr
2020-06-05,SLE,Sierra Leone,9.0,Western,94.0,10.0,,0.0,,,10.0,Ministry of Health and sanitation,https://twitter.com/mohs_sl?lang=fr
2020-06-06,SLE,Sierra Leone,9.0,Northern,91.0,0.0,0.0,0.0,0.0,0.0,0.0,Ministry of Health and sanitation,https://twitter.com/mohs_sl?lang=fr
2020-06-06,SLE,Sierra Leone,9.0,Eastern,92.0,0.0,0.0,0.0,0.0,0.0,0.0,Ministry of Health and sanitation,https://twitter.com/mohs_sl?lang=fr
2020-06-06,SLE,Sierra Leone,9.0,Southern,93.0,0.0,0.0,0.0,0.0,0.0,0.0,Ministry of Health and sanitation,https://twitter.com/mohs_sl?lang=fr
2020-06-06,SLE,Sierra Leone,9.0,Western,94.0,0.0,0.0,0.0,0.0,0.0,0.0,Ministry of Health and sanitation,https://twitter.com/mohs_sl?lang=fr
2020-06-07,SLE,Sierra Leone,9.0,Northern,91.0,0.0,0.0,0.0,0.0,0.0,0.0,Ministry of Health and sanitation,https://twitter.com/mohs_sl?lang=fr
2020-06-07,SLE,Sierra Leone,9.0,Eastern,92.0,0.0,0.0,0.0,0.0,0.0,0.0,Ministry of Health and sanitation,https://twitter.com/mohs_sl?lang=fr
2020-06-07,SLE,Sierra Leone,9.0,Southern,93.0,0.0,0.0,0.0,0.0,0.0,0.0,Ministry of Health and sanitation,https://twitter.com/mohs_sl?lang=fr
2020-06-07,SLE,Sierra Leone,9.0,Western,94.0,0.0,0.0,0.0,0.0,0.0,0.0,Ministry of Health and sanitation,https://twitter.com/mohs_sl?lang=fr
2020-06-08,SLE,Sierra Leone,9.0,Northern,91.0,3.0,,,,,3.0,Ministry of Health and sanitation,https://twitter.com/mohs_sl?lang=fr
2020-06-08,SLE,Sierra Leone,9.0,Eastern,92.0,17.0,,,,,17.0,Ministry of Health and sanitation,https://twitter.com/mohs_sl?lang=fr
2020-06-08,SLE,Sierra Leone,9.0,Southern,93.0,4.0,,,,,4.0,Ministry of Health and sanitation,https://twitter.com/mohs_sl?lang=fr
2020-06-08,SLE,Sierra Leone,9.0,Western,94.0,55.0,,,,,55.0,Ministry of Health and sanitation,https://twitter.com/mohs_sl?lang=fr
2020-06-09,SLE,Sierra Leone,9.0,Northern,91.0,0.0,0.0,0.0,0.0,0.0,0.0,Ministry of Health and sanitation,https://twitter.com/mohs_sl?lang=fr
2020-06-09,SLE,Sierra Leone,9.0,Eastern,92.0,0.0,0.0,0.0,0.0,0.0,0.0,Ministry of Health and sanitation,https://twitter.com/mohs_sl?lang=fr
2020-06-09,SLE,Sierra Leone,9.0,Southern,93.0,0.0,0.0,0.0,0.0,0.0,0.0,Ministry of Health and sanitation,https://twitter.com/mohs_sl?lang=fr
2020-06-09,SLE,Sierra Leone,9.0,Western,94.0,0.0,0.0,0.0,0.0,0.0,0.0,Ministry of Health and sanitation,https://twitter.com/mohs_sl?lang=fr
2020-06-10,SLE,Sierra Leone,9.0,Northern,91.0,0.0,0.0,0.0,0.0,0.0,0.0,Ministry of Health and sanitation,https://twitter.com/mohs_sl?lang=fr
2020-06-10,SLE,Sierra Leone,9.0,Eastern,92.0,0.0,0.0,0.0,0.0,0.0,0.0,Ministry of Health and sanitation,https://twitter.com/mohs_sl?lang=fr
2020-06-10,SLE,Sierra Leone,9.0,Southern,93.0,0.0,0.0,0.0,0.0,0.0,0.0,Ministry of Health and sanitation,https://twitter.com/mohs_sl?lang=fr
2020-06-10,SLE,Sierra Leone,9.0,Western,94.0,0.0,0.0,0.0,0.0,0.0,0.0,Ministry of Health and sanitation,https://twitter.com/mohs_sl?lang=fr
2020-06-11,SLE,Sierra Leone,9.0,Northern,91.0,0.0,0.0,0.0,0.0,0.0,0.0,Ministry of Health and sanitation,https://twitter.com/mohs_sl?lang=fr
2020-06-11,SLE,Sierra Leone,9.0,Eastern,92.0,0.0,0.0,0.0,0.0,0.0,0.0,Ministry of Health and sanitation,https://twitter.com/mohs_sl?lang=fr
2020-06-11,SLE,Sierra Leone,9.0,Southern,93.0,0.0,0.0,0.0,0.0,0.0,0.0,Ministry of Health and sanitation,https://twitter.com/mohs_sl?lang=fr
2020-06-11,SLE,Sierra Leone,9.0,Western,94.0,0.0,0.0,0.0,0.0,0.0,0.0,Ministry of Health and sanitation,https://twitter.com/mohs_sl?lang=fr
2020-06-12,SLE,Sierra Leone,9.0,Northern,91.0,0.0,0.0,0.0,0.0,0.0,0.0,Ministry of Health and sanitation,https://twitter.com/mohs_sl?lang=fr
2020-06-12,SLE,Sierra Leone,9.0,Eastern,92.0,0.0,0.0,0.0,0.0,0.0,0.0,Ministry of Health and sanitation,https://twitter.com/mohs_sl?lang=fr
2020-06-12,SLE,Sierra Leone,9.0,Southern,93.0,0.0,0.0,0.0,0.0,0.0,0.0,Ministry of Health and sanitation,https://twitter.com/mohs_sl?lang=fr
2020-06-12,SLE,Sierra Leone,9.0,Western,94.0,0.0,0.0,0.0,0.0,0.0,0.0,Ministry of Health and sanitation,https://twitter.com/mohs_sl?lang=fr
2020-06-13,SLE,Sierra Leone,9.0,Northern,91.0,0.0,0.0,0.0,0.0,0.0,0.0,Ministry of Health and sanitation,https://twitter.com/mohs_sl?lang=fr
2020-06-13,SLE,Sierra Leone,9.0,Eastern,92.0,0.0,0.0,0.0,0.0,0.0,0.0,Ministry of Health and sanitation,https://twitter.com/mohs_sl?lang=fr
2020-06-13,SLE,Sierra Leone,9.0,Southern,93.0,0.0,0.0,0.0,0.0,0.0,0.0,Ministry of Health and sanitation,https://twitter.com/mohs_sl?lang=fr
2020-06-13,SLE,Sierra Leone,9.0,Western,94.0,0.0,0.0,0.0,0.0,0.0,0.0,Ministry of Health and sanitation,https://twitter.com/mohs_sl?lang=fr
2020-06-14,SLE,Sierra Leone,9.0,Northern,91.0,0.0,0.0,0.0,0.0,0.0,0.0,Ministry of Health and sanitation,https://twitter.com/mohs_sl?lang=fr
2020-06-14,SLE,Sierra Leone,9.0,Eastern,92.0,0.0,0.0,0.0,0.0,0.0,0.0,Ministry of Health and sanitation,https://twitter.com/mohs_sl?lang=fr
2020-06-14,SLE,Sierra Leone,9.0,Southern,93.0,0.0,0.0,0.0,0.0,0.0,0.0,Ministry of Health and sanitation,https://twitter.com/mohs_sl?lang=fr
2020-06-14,SLE,Sierra Leone,9.0,Western,94.0,0.0,0.0,0.0,0.0,0.0,0.0,Ministry of Health and sanitation,https://twitter.com/mohs_sl?lang=fr
2020-06-15,SLE,Sierra Leone,9.0,Northern,91.0,36.0,,,,,36.0,Ministry of Health and sanitation,https://twitter.com/mohs_sl?lang=fr
2020-06-15,SLE,Sierra Leone,9.0,Eastern,92.0,39.0,,,,,39.0,Ministry of Health and sanitation,https://twitter.com/mohs_sl?lang=fr
2020-06-15,SLE,Sierra Leone,9.0,Southern,93.0,23.0,,,,,23.0,Ministry of Health and sanitation,https://twitter.com/mohs_sl?lang=fr
2020-06-15,SLE,Sierra Leone,9.0,Western,94.0,99.0,,,,,99.0,Ministry of Health and sanitation,https://twitter.com/mohs_sl?lang=fr
2020-06-16,SLE,Sierra Leone,9.0,Northern,91.0,9.0,0.0,,,,9.0,Ministry of Health and sanitation,https://twitter.com/mohs_sl?lang=fr
2020-06-16,SLE,Sierra Leone,9.0,Eastern,92.0,1.0,0.0,,,,1.0,Ministry of Health and sanitation,https://twitter.com/mohs_sl?lang=fr
2020-06-16,SLE,Sierra Leone,9.0,Southern,93.0,5.0,0.0,,,,5.0,Ministry of Health and sanitation,https://twitter.com/mohs_sl?lang=fr
2020-06-16,SLE,Sierra Leone,9.0,Western,94.0,8.0,0.0,,,,8.0,Ministry of Health and sanitation,https://twitter.com/mohs_sl?lang=fr
2020-06-17,SLE,Sierra Leone,9.0,Northern,91.0,9.0,0.0,,,,9.0,Ministry of Health and sanitation,https://twitter.com/mohs_sl?lang=fr
2020-06-17,SLE,Sierra Leone,9.0,Eastern,92.0,5.0,0.0,,,,5.0,Ministry of Health and sanitation,https://twitter.com/mohs_sl?lang=fr
2020-06-17,SLE,Sierra Leone,9.0,Southern,93.0,0.0,0.0,,0.0,0.0,0.0,Ministry of Health and sanitation,https://twitter.com/mohs_sl?lang=fr
2020-06-17,SLE,Sierra Leone,9.0,Western,94.0,9.0,0.0,,,,9.0,Ministry of Health and sanitation,https://twitter.com/mohs_sl?lang=fr
2020-06-18,SLE,Sierra Leone,9.0,Northern,91.0,0.0,0.0,0.0,0.0,0.0,0.0,Ministry of Health and sanitation,https://twitter.com/mohs_sl?lang=fr
2020-06-18,SLE,Sierra Leone,9.0,Eastern,92.0,0.0,0.0,0.0,0.0,0.0,0.0,Ministry of Health and sanitation,https://twitter.com/mohs_sl?lang=fr
2020-06-18,SLE,Sierra Leone,9.0,Southern,93.0,0.0,0.0,0.0,0.0,0.0,0.0,Ministry of Health and sanitation,https://twitter.com/mohs_sl?lang=fr
2020-06-18,SLE,Sierra Leone,9.0,Western,94.0,0.0,0.0,0.0,0.0,0.0,0.0,Ministry of Health and sanitation,https://twitter.com/mohs_sl?lang=fr
2020-06-19,SLE,Sierra Leone,9.0,Northern,91.0,0.0,0.0,0.0,0.0,0.0,0.0,Ministry of Health and sanitation,https://twitter.com/mohs_sl?lang=fr
2020-06-19,SLE,Sierra Leone,9.0,Eastern,92.0,0.0,0.0,0.0,0.0,0.0,0.0,Ministry of Health and sanitation,https://twitter.com/mohs_sl?lang=fr
2020-06-19,SLE,Sierra Leone,9.0,Southern,93.0,0.0,0.0,0.0,0.0,0.0,0.0,Ministry of Health and sanitation,https://twitter.com/mohs_sl?lang=fr
2020-06-19,SLE,Sierra Leone,9.0,Western,94.0,0.0,0.0,0.0,0.0,0.0,0.0,Ministry of Health and sanitation,https://twitter.com/mohs_sl?lang=fr
2020-06-20,SLE,Sierra Leone,9.0,Northern,91.0,0.0,0.0,0.0,0.0,0.0,0.0,Ministry of Health and sanitation,https://twitter.com/mohs_sl?lang=fr
2020-06-20,SLE,Sierra Leone,9.0,Eastern,92.0,0.0,0.0,0.0,0.0,0.0,0.0,Ministry of Health and sanitation,https://twitter.com/mohs_sl?lang=fr
2020-06-20,SLE,Sierra Leone,9.0,Southern,93.0,0.0,0.0,0.0,0.0,0.0,0.0,Ministry of Health and sanitation,https://twitter.com/mohs_sl?lang=fr
2020-06-20,SLE,Sierra Leone,9.0,Western,94.0,0.0,0.0,0.0,0.0,0.0,0.0,Ministry of Health and sanitation,https://twitter.com/mohs_sl?lang=fr
2020-06-20,SLE,Sierra Leone,9.0,Northern,91.0,0.0,0.0,0.0,0.0,0.0,0.0,Ministry of Health and sanitation,https://twitter.com/mohs_sl?lang=fr
2020-06-20,SLE,Sierra Leone,9.0,Eastern,92.0,0.0,0.0,0.0,0.0,0.0,0.0,Ministry of Health and sanitation,https://twitter.com/mohs_sl?lang=fr
2020-06-20,SLE,Sierra Leone,9.0,Southern,93.0,0.0,0.0,0.0,0.0,0.0,0.0,Ministry of Health and sanitation,https://twitter.com/mohs_sl?lang=fr
2020-06-20,SLE,Sierra Leone,9.0,Western,94.0,0.0,0.0,0.0,0.0,0.0,0.0,Ministry of Health and sanitation,https://twitter.com/mohs_sl?lang=fr
2020-06-21,SLE,Sierra Leone,9.0,Northern,91.0,0.0,0.0,0.0,0.0,0.0,0.0,Ministry of Health and sanitation,https://twitter.com/mohs_sl?lang=fr
2020-06-21,SLE,Sierra Leone,9.0,Eastern,92.0,0.0,0.0,0.0,0.0,0.0,0.0,Ministry of Health and sanitation,https://twitter.com/mohs_sl?lang=fr
2020-06-21,SLE,Sierra Leone,9.0,Southern,93.0,0.0,0.0,0.0,0.0,0.0,0.0,Ministry of Health and sanitation,https://twitter.com/mohs_sl?lang=fr
2020-06-21,SLE,Sierra Leone,9.0,Western,94.0,0.0,0.0,0.0,0.0,0.0,0.0,Ministry of Health and sanitation,https://twitter.com/mohs_sl?lang=fr
2020-06-22,SLE,Sierra Leone,9.0,Northern,91.0,0.0,0.0,0.0,0.0,0.0,0.0,Ministry of Health and sanitation,https://twitter.com/mohs_sl?lang=fr
2020-06-22,SLE,Sierra Leone,9.0,Eastern,92.0,0.0,0.0,0.0,0.0,0.0,0.0,Ministry of Health and sanitation,https://twitter.com/mohs_sl?lang=fr
2020-06-22,SLE,Sierra Leone,9.0,Southern,93.0,0.0,0.0,0.0,0.0,0.0,0.0,Ministry of Health and sanitation,https://twitter.com/mohs_sl?lang=fr
2020-06-22,SLE,Sierra Leone,9.0,Western,94.0,0.0,0.0,0.0,0.0,0.0,0.0,Ministry of Health and sanitation,https://twitter.com/mohs_sl?lang=fr
2020-06-23,SLE,Sierra Leone,9.0,Northern,91.0,0.0,0.0,0.0,0.0,0.0,0.0,Ministry of Health and sanitation,https://twitter.com/mohs_sl?lang=fr
2020-06-23,SLE,Sierra Leone,9.0,Eastern,92.0,0.0,0.0,0.0,0.0,0.0,0.0,Ministry of Health and sanitation,https://twitter.com/mohs_sl?lang=fr
2020-06-23,SLE,Sierra Leone,9.0,Southern,93.0,0.0,0.0,0.0,0.0,0.0,0.0,Ministry of Health and sanitation,https://twitter.com/mohs_sl?lang=fr
2020-06-23,SLE,Sierra Leone,9.0,Western,94.0,0.0,0.0,0.0,0.0,0.0,0.0,Ministry of Health and sanitation,https://twitter.com/mohs_sl?lang=fr
2020-06-24,SLE,Sierra Leone,9.0,Northern,91.0,0.0,0.0,0.0,0.0,0.0,0.0,Ministry of Health and sanitation,https://twitter.com/mohs_sl?lang=fr
2020-06-24,SLE,Sierra Leone,9.0,Eastern,92.0,0.0,0.0,0.0,0.0,0.0,0.0,Ministry of Health and sanitation,https://twitter.com/mohs_sl?lang=fr
2020-06-24,SLE,Sierra Leone,9.0,Southern,93.0,0.0,0.0,0.0,0.0,0.0,0.0,Ministry of Health and sanitation,https://twitter.com/mohs_sl?lang=fr
2020-06-24,SLE,Sierra Leone,9.0,Western,94.0,0.0,0.0,0.0,0.0,0.0,0.0,Ministry of Health and sanitation,https://twitter.com/mohs_sl?lang=fr
2020-06-25,SLE,Sierra Leone,9.0,Northern,91.0,0.0,0.0,0.0,0.0,0.0,0.0,Ministry of Health and sanitation,https://twitter.com/mohs_sl?lang=fr
2020-06-25,SLE,Sierra Leone,9.0,Eastern,92.0,0.0,0.0,0.0,0.0,0.0,0.0,Ministry of Health and sanitation,https://twitter.com/mohs_sl?lang=fr
2020-06-25,SLE,Sierra Leone,9.0,Southern,93.0,0.0,0.0,0.0,0.0,0.0,0.0,Ministry of Health and sanitation,https://twitter.com/mohs_sl?lang=fr
2020-06-25,SLE,Sierra Leone,9.0,Western,94.0,0.0,0.0,0.0,0.0,0.0,0.0,Ministry of Health and sanitation,https://twitter.com/mohs_sl?lang=fr
2020-06-26,SLE,Sierra Leone,9.0,Northern,91.0,26.0,,,,,26.0,Ministry of Health and sanitation,https://twitter.com/mohs_sl?lang=fr
2020-06-26,SLE,Sierra Leone,9.0,Eastern,92.0,15.0,,,,,15.0,Ministry of Health and sanitation,https://twitter.com/mohs_sl?lang=fr
2020-06-26,SLE,Sierra Leone,9.0,Southern,93.0,42.0,,,,,42.0,Ministry of Health and sanitation,https://twitter.com/mohs_sl?lang=fr
2020-06-26,SLE,Sierra Leone,9.0,Western,94.0,59.0,,,,,59.0,Ministry of Health and sanitation,https://twitter.com/mohs_sl?lang=fr
2020-06-27,SLE,Sierra Leone,9.0,Northern,91.0,0.0,0.0,0.0,0.0,0.0,0.0,Ministry of Health and sanitation,https://twitter.com/mohs_sl?lang=fr
2020-06-27,SLE,Sierra Leone,9.0,Eastern,92.0,0.0,0.0,0.0,0.0,0.0,0.0,Ministry of Health and sanitation,https://twitter.com/mohs_sl?lang=fr
2020-06-27,SLE,Sierra Leone,9.0,Southern,93.0,0.0,0.0,0.0,0.0,0.0,0.0,Ministry of Health and sanitation,https://twitter.com/mohs_sl?lang=fr
2020-06-27,SLE,Sierra Leone,9.0,Western,94.0,0.0,0.0,0.0,0.0,0.0,0.0,Ministry of Health and sanitation,https://twitter.com/mohs_sl?lang=fr
2020-06-28,SLE,Sierra Leone,9.0,Northern,91.0,0.0,0.0,0.0,0.0,0.0,0.0,Ministry of Health and sanitation,https://twitter.com/mohs_sl?lang=fr
2020-06-28,SLE,Sierra Leone,9.0,Eastern,92.0,0.0,0.0,0.0,0.0,0.0,0.0,Ministry of Health and sanitation,https://twitter.com/mohs_sl?lang=fr
2020-06-28,SLE,Sierra Leone,9.0,Southern,93.0,0.0,0.0,0.0,0.0,0.0,0.0,Ministry of Health and sanitation,https://twitter.com/mohs_sl?lang=fr
2020-06-28,SLE,Sierra Leone,9.0,Western,94.0,0.0,0.0,0.0,0.0,0.0,0.0,Ministry of Health and sanitation,https://twitter.com/mohs_sl?lang=fr
2020-06-29,SLE,Sierra Leone,9.0,Northern,91.0,5.0,,,,,5.0,Ministry of Health and sanitation,https://twitter.com/mohs_sl?lang=fr
2020-06-29,SLE,Sierra Leone,9.0,Eastern,92.0,7.0,,,,,7.0,Ministry of Health and sanitation,https://twitter.com/mohs_sl?lang=fr
2020-06-29,SLE,Sierra Leone,9.0,Southern,93.0,25.0,,,,,25.0,Ministry of Health and sanitation,https://twitter.com/mohs_sl?lang=fr
2020-06-29,SLE,Sierra Leone,9.0,Western,94.0,15.0,,,,,15.0,Ministry of Health and sanitation,https://twitter.com/mohs_sl?lang=fr
2020-06-30,SLE,Sierra Leone,9.0,Northern,91.0,0.0,0.0,0.0,0.0,0.0,0.0,Ministry of Health and sanitation,https://twitter.com/mohs_sl?lang=fr
2020-06-30,SLE,Sierra Leone,9.0,Eastern,92.0,0.0,0.0,0.0,0.0,0.0,0.0,Ministry of Health and sanitation,https://twitter.com/mohs_sl?lang=fr
2020-06-30,SLE,Sierra Leone,9.0,Southern,93.0,0.0,0.0,0.0,0.0,0.0,0.0,Ministry of Health and sanitation,https://twitter.com/mohs_sl?lang=fr
2020-06-30,SLE,Sierra Leone,9.0,Western,94.0,0.0,0.0,0.0,0.0,0.0,0.0,Ministry of Health and sanitation,https://twitter.com/mohs_sl?lang=fr
2020-07-01,SLE,Sierra Leone,9.0,Northern,91.0,0.0,0.0,0.0,0.0,0.0,0.0,Ministry of Health and sanitation,https://twitter.com/mohs_sl?lang=fr
2020-07-01,SLE,Sierra Leone,9.0,Eastern,92.0,0.0,0.0,0.0,0.0,0.0,0.0,Ministry of Health and sanitation,https://twitter.com/mohs_sl?lang=fr
2020-07-01,SLE,Sierra Leone,9.0,Southern,93.0,0.0,0.0,0.0,0.0,0.0,0.0,Ministry of Health and sanitation,https://twitter.com/mohs_sl?lang=fr
2020-07-01,SLE,Sierra Leone,9.0,Western,94.0,0.0,0.0,0.0,0.0,0.0,0.0,Ministry of Health and sanitation,https://twitter.com/mohs_sl?lang=fr
2020-07-02,SLE,Sierra Leone,9.0,Northern,91.0,28.0,0.0,,,,28.0,Ministry of Health and sanitation,https://twitter.com/mohs_sl?lang=fr
2020-07-02,SLE,Sierra Leone,9.0,Eastern,92.0,2.0,0.0,,,,2.0,Ministry of Health and sanitation,https://twitter.com/mohs_sl?lang=fr
2020-07-02,SLE,Sierra Leone,9.0,Southern,93.0,2.0,0.0,,,,2.0,Ministry of Health and sanitation,https://twitter.com/mohs_sl?lang=fr
2020-07-02,SLE,Sierra Leone,9.0,Western,94.0,30.0,0.0,,,,30.0,Ministry of Health and sanitation,https://twitter.com/mohs_sl?lang=fr
2020-07-03,SLE,Sierra Leone,9.0,Northern,91.0,7.0,0.0,,,,7.0,Ministry of Health and sanitation,https://twitter.com/mohs_sl?lang=fr
2020-07-03,SLE,Sierra Leone,9.0,Eastern,92.0,1.0,0.0,,,,1.0,Ministry of Health and sanitation,https://twitter.com/mohs_sl?lang=fr
2020-07-03,SLE,Sierra Leone,9.0,Southern,93.0,0.0,0.0,,0.0,0.0,0.0,Ministry of Health and sanitation,https://twitter.com/mohs_sl?lang=fr
2020-07-03,SLE,Sierra Leone,9.0,Western,94.0,1.0,0.0,,,,1.0,Ministry of Health and sanitation,https://twitter.com/mohs_sl?lang=fr
2020-07-04,SLE,Sierra Leone,9.0,Northern,91.0,2.0,0.0,,,,2.0,Ministry of Health and sanitation,https://twitter.com/mohs_sl?lang=fr
2020-07-04,SLE,Sierra Leone,9.0,Eastern,92.0,0.0,0.0,,0.0,0.0,0.0,Ministry of Health and sanitation,https://twitter.com/mohs_sl?lang=fr
2020-07-04,SLE,Sierra Leone,9.0,Southern,93.0,0.0,0.0,,0.0,0.0,0.0,Ministry of Health and sanitation,https://twitter.com/mohs_sl?lang=fr
2020-07-04,SLE,Sierra Leone,9.0,Western,94.0,7.0,0.0,,,,7.0,Ministry of Health and sanitation,https://twitter.com/mohs_sl?lang=fr
2020-07-04,SLE,Sierra Leone,9.0,Northern,91.0,0.0,0.0,0.0,0.0,0.0,0.0,Ministry of Health and sanitation,https://twitter.com/mohs_sl?lang=fr
2020-07-04,SLE,Sierra Leone,9.0,Eastern,92.0,0.0,0.0,0.0,0.0,0.0,0.0,Ministry of Health and sanitation,https://twitter.com/mohs_sl?lang=fr
2020-07-04,SLE,Sierra Leone,9.0,Southern,93.0,0.0,0.0,0.0,0.0,0.0,0.0,Ministry of Health and sanitation,https://twitter.com/mohs_sl?lang=fr
2020-07-04,SLE,Sierra Leone,9.0,Western,94.0,0.0,0.0,0.0,0.0,0.0,0.0,Ministry of Health and sanitation,https://twitter.com/mohs_sl?lang=fr
2020-07-05,SLE,Sierra Leone,9.0,Northern,91.0,0.0,0.0,0.0,0.0,0.0,0.0,Ministry of Health and sanitation,https://twitter.com/mohs_sl?lang=fr
2020-07-05,SLE,Sierra Leone,9.0,Eastern,92.0,0.0,0.0,0.0,0.0,0.0,0.0,Ministry of Health and sanitation,https://twitter.com/mohs_sl?lang=fr
2020-07-05,SLE,Sierra Leone,9.0,Southern,93.0,0.0,0.0,0.0,0.0,0.0,0.0,Ministry of Health and sanitation,https://twitter.com/mohs_sl?lang=fr
2020-07-05,SLE,Sierra Leone,9.0,Western,94.0,0.0,0.0,0.0,0.0,0.0,0.0,Ministry of Health and sanitation,https://twitter.com/mohs_sl?lang=fr
2020-07-06,SLE,Sierra Leone,9.0,Northern,91.0,0.0,0.0,0.0,0.0,0.0,0.0,Ministry of Health and sanitation,https://twitter.com/mohs_sl?lang=fr
2020-07-06,SLE,Sierra Leone,9.0,Eastern,92.0,0.0,0.0,0.0,0.0,0.0,0.0,Ministry of Health and sanitation,https://twitter.com/mohs_sl?lang=fr
2020-07-06,SLE,Sierra Leone,9.0,Southern,93.0,0.0,0.0,0.0,0.0,0.0,0.0,Ministry of Health and sanitation,https://twitter.com/mohs_sl?lang=fr
2020-07-06,SLE,Sierra Leone,9.0,Western,94.0,0.0,0.0,0.0,0.0,0.0,0.0,Ministry of Health and sanitation,https://twitter.com/mohs_sl?lang=fr
2020-07-07,SLE,Sierra Leone,9.0,Northern,91.0,25.0,,,,,25.0,Ministry of Health and sanitation,https://twitter.com/mohs_sl?lang=fr
2020-07-07,SLE,Sierra Leone,9.0,Eastern,92.0,1.0,,,,,1.0,Ministry of Health and sanitation,https://twitter.com/mohs_sl?lang=fr
2020-07-07,SLE,Sierra Leone,9.0,Southern,93.0,6.0,,,,,6.0,Ministry of Health and sanitation,https://twitter.com/mohs_sl?lang=fr
2020-07-07,SLE,Sierra Leone,9.0,Western,94.0,10.0,,,,,10.0,Ministry of Health and sanitation,https://twitter.com/mohs_sl?lang=fr
2020-07-08,SLE,Sierra Leone,9.0,Northern,91.0,0.0,0.0,0.0,0.0,0.0,0.0,Ministry of Health and sanitation,https://twitter.com/mohs_sl?lang=fr
2020-07-08,SLE,Sierra Leone,9.0,Eastern,92.0,0.0,0.0,0.0,0.0,0.0,0.0,Ministry of Health and sanitation,https://twitter.com/mohs_sl?lang=fr
2020-07-08,SLE,Sierra Leone,9.0,Southern,93.0,0.0,0.0,0.0,0.0,0.0,0.0,Ministry of Health and sanitation,https://twitter.com/mohs_sl?lang=fr
2020-07-08,SLE,Sierra Leone,9.0,Western,94.0,0.0,0.0,0.0,0.0,0.0,0.0,Ministry of Health and sanitation,https://twitter.com/mohs_sl?lang=fr
2020-07-09,SLE,Sierra Leone,9.0,Northern,91.0,0.0,0.0,0.0,0.0,0.0,0.0,Ministry of Health and sanitation,https://twitter.com/mohs_sl?lang=fr
2020-07-09,SLE,Sierra Leone,9.0,Eastern,92.0,0.0,0.0,0.0,0.0,0.0,0.0,Ministry of Health and sanitation,https://twitter.com/mohs_sl?lang=fr
2020-07-09,SLE,Sierra Leone,9.0,Southern,93.0,0.0,0.0,0.0,0.0,0.0,0.0,Ministry of Health and sanitation,https://twitter.com/mohs_sl?lang=fr
2020-07-09,SLE,Sierra Leone,9.0,Western,94.0,0.0,0.0,0.0,0.0,0.0,0.0,Ministry of Health and sanitation,https://twitter.com/mohs_sl?lang=fr
2020-07-10,SLE,Sierra Leone,9.0,Northern,91.0,0.0,0.0,0.0,0.0,0.0,0.0,Ministry of Health and sanitation,https://twitter.com/mohs_sl?lang=fr
2020-07-10,SLE,Sierra Leone,9.0,Eastern,92.0,0.0,0.0,0.0,0.0,0.0,0.0,Ministry of Health and sanitation,https://twitter.com/mohs_sl?lang=fr
2020-07-10,SLE,Sierra Leone,9.0,Southern,93.0,0.0,0.0,0.0,0.0,0.0,0.0,Ministry of Health and sanitation,https://twitter.com/mohs_sl?lang=fr
2020-07-10,SLE,Sierra Leone,9.0,Western,94.0,0.0,0.0,0.0,0.0,0.0,0.0,Ministry of Health and sanitation,https://twitter.com/mohs_sl?lang=fr
2020-07-11,SLE,Sierra Leone,9.0,Northern,91.0,0.0,0.0,0.0,0.0,0.0,0.0,Ministry of Health and sanitation,https://twitter.com/mohs_sl?lang=fr
2020-07-11,SLE,Sierra Leone,9.0,Eastern,92.0,0.0,0.0,0.0,0.0,0.0,0.0,Ministry of Health and sanitation,https://twitter.com/mohs_sl?lang=fr
2020-07-11,SLE,Sierra Leone,9.0,Southern,93.0,0.0,0.0,0.0,0.0,0.0,0.0,Ministry of Health and sanitation,https://twitter.com/mohs_sl?lang=fr
2020-07-11,SLE,Sierra Leone,9.0,Western,94.0,0.0,0.0,0.0,0.0,0.0,0.0,Ministry of Health and sanitation,https://twitter.com/mohs_sl?lang=fr
2020-07-12,SLE,Sierra Leone,9.0,Northern,91.0,0.0,0.0,0.0,0.0,0.0,0.0,Ministry of Health and sanitation,https://twitter.com/mohs_sl?lang=fr
2020-07-12,SLE,Sierra Leone,9.0,Eastern,92.0,0.0,0.0,0.0,0.0,0.0,0.0,Ministry of Health and sanitation,https://twitter.com/mohs_sl?lang=fr
2020-07-12,SLE,Sierra Leone,9.0,Southern,93.0,0.0,0.0,0.0,0.0,0.0,0.0,Ministry of Health and sanitation,https://twitter.com/mohs_sl?lang=fr
2020-07-12,SLE,Sierra Leone,9.0,Western,94.0,0.0,0.0,0.0,0.0,0.0,0.0,Ministry of Health and sanitation,https://twitter.com/mohs_sl?lang=fr
2020-07-13,SLE,Sierra Leone,9.0,Northern,91.0,0.0,0.0,0.0,0.0,0.0,0.0,Ministry of Health and sanitation,https://twitter.com/mohs_sl?lang=fr
2020-07-13,SLE,Sierra Leone,9.0,Eastern,92.0,0.0,0.0,0.0,0.0,0.0,0.0,Ministry of Health and sanitation,https://twitter.com/mohs_sl?lang=fr
2020-07-13,SLE,Sierra Leone,9.0,Southern,93.0,0.0,0.0,0.0,0.0,0.0,0.0,Ministry of Health and sanitation,https://twitter.com/mohs_sl?lang=fr
2020-07-13,SLE,Sierra Leone,9.0,Western,94.0,0.0,0.0,0.0,0.0,0.0,0.0,Ministry of Health and sanitation,https://twitter.com/mohs_sl?lang=fr
2020-07-14,SLE,Sierra Leone,9.0,Northern,91.0,0.0,0.0,0.0,0.0,0.0,0.0,Ministry of Health and sanitation,https://twitter.com/mohs_sl?lang=fr
2020-07-14,SLE,Sierra Leone,9.0,Eastern,92.0,0.0,0.0,0.0,0.0,0.0,0.0,Ministry of Health and sanitation,https://twitter.com/mohs_sl?lang=fr
2020-07-14,SLE,Sierra Leone,9.0,Southern,93.0,0.0,0.0,0.0,0.0,0.0,0.0,Ministry of Health and sanitation,https://twitter.com/mohs_sl?lang=fr
2020-07-14,SLE,Sierra Leone,9.0,Western,94.0,0.0,0.0,0.0,0.0,0.0,0.0,Ministry of Health and sanitation,https://twitter.com/mohs_sl?lang=fr
2020-07-15,SLE,Sierra Leone,9.0,Northern,91.0,24.0,,,,,24.0,Ministry of Health and sanitation,https://twitter.com/mohs_sl?lang=fr
2020-07-15,SLE,Sierra Leone,9.0,Eastern,92.0,8.0,,,,,8.0,Ministry of Health and sanitation,https://twitter.com/mohs_sl?lang=fr
2020-07-15,SLE,Sierra Leone,9.0,Southern,93.0,15.0,,,,,15.0,Ministry of Health and sanitation,https://twitter.com/mohs_sl?lang=fr
2020-07-15,SLE,Sierra Leone,9.0,Western,94.0,47.0,,,,,47.0,Ministry of Health and sanitation,https://twitter.com/mohs_sl?lang=fr
2020-07-16,SLE,Sierra Leone,9.0,Northern,91.0,0.0,0.0,0.0,0.0,0.0,0.0,Ministry of Health and sanitation,https://twitter.com/mohs_sl?lang=fr
2020-07-16,SLE,Sierra Leone,9.0,Eastern,92.0,0.0,0.0,0.0,0.0,0.0,0.0,Ministry of Health and sanitation,https://twitter.com/mohs_sl?lang=fr
2020-07-16,SLE,Sierra Leone,9.0,Southern,93.0,0.0,0.0,0.0,0.0,0.0,0.0,Ministry of Health and sanitation,https://twitter.com/mohs_sl?lang=fr
2020-07-16,SLE,Sierra Leone,9.0,Western,94.0,0.0,0.0,0.0,0.0,0.0,0.0,Ministry of Health and sanitation,https://twitter.com/mohs_sl?lang=fr
2020-07-17,SLE,Sierra Leone,9.0,Northern,91.0,1.0,,,,,1.0,Ministry of Health and sanitation,https://twitter.com/mohs_sl?lang=fr
2020-07-17,SLE,Sierra Leone,9.0,Eastern,92.0,5.0,,,,,5.0,Ministry of Health and sanitation,https://twitter.com/mohs_sl?lang=fr
2020-07-17,SLE,Sierra Leone,9.0,Southern,93.0,7.0,,,,,7.0,Ministry of Health and sanitation,https://twitter.com/mohs_sl?lang=fr
2020-07-17,SLE,Sierra Leone,9.0,Western,94.0,10.0,,,,,10.0,Ministry of Health and sanitation,https://twitter.com/mohs_sl?lang=fr
2020-07-18,SLE,Sierra Leone,9.0,Northern,91.0,0.0,0.0,0.0,0.0,0.0,0.0,Ministry of Health and sanitation,https://twitter.com/mohs_sl?lang=fr
2020-07-18,SLE,Sierra Leone,9.0,Eastern,92.0,0.0,0.0,0.0,0.0,0.0,0.0,Ministry of Health and sanitation,https://twitter.com/mohs_sl?lang=fr
2020-07-18,SLE,Sierra Leone,9.0,Southern,93.0,0.0,0.0,0.0,0.0,0.0,0.0,Ministry of Health and sanitation,https://twitter.com/mohs_sl?lang=fr
2020-07-18,SLE,Sierra Leone,9.0,Western,94.0,0.0,0.0,0.0,0.0,0.0,0.0,Ministry of Health and sanitation,https://twitter.com/mohs_sl?lang=fr
2020-07-19,SLE,Sierra Leone,9.0,Northern,91.0,0.0,0.0,0.0,0.0,0.0,0.0,Ministry of Health and sanitation,https://twitter.com/mohs_sl?lang=fr
2020-07-19,SLE,Sierra Leone,9.0,Eastern,92.0,0.0,0.0,0.0,0.0,0.0,0.0,Ministry of Health and sanitation,https://twitter.com/mohs_sl?lang=fr
2020-07-19,SLE,Sierra Leone,9.0,Southern,93.0,0.0,0.0,0.0,0.0,0.0,0.0,Ministry of Health and sanitation,https://twitter.com/mohs_sl?lang=fr
2020-07-19,SLE,Sierra Leone,9.0,Western,94.0,0.0,0.0,0.0,0.0,0.0,0.0,Ministry of Health and sanitation,https://twitter.com/mohs_sl?lang=fr
2020-07-20,SLE,Sierra Leone,9.0,Northern,91.0,0.0,0.0,0.0,0.0,0.0,0.0,Ministry of Health and sanitation,https://twitter.com/mohs_sl?lang=fr
2020-07-20,SLE,Sierra Leone,9.0,Eastern,92.0,0.0,0.0,0.0,0.0,0.0,0.0,Ministry of Health and sanitation,https://twitter.com/mohs_sl?lang=fr
2020-07-20,SLE,Sierra Leone,9.0,Southern,93.0,0.0,0.0,0.0,0.0,0.0,0.0,Ministry of Health and sanitation,https://twitter.com/mohs_sl?lang=fr
2020-07-20,SLE,Sierra Leone,9.0,Western,94.0,0.0,0.0,0.0,0.0,0.0,0.0,Ministry of Health and sanitation,https://twitter.com/mohs_sl?lang=fr
2020-07-21,SLE,Sierra Leone,9.0,Northern,91.0,0.0,0.0,0.0,0.0,0.0,0.0,Ministry of Health and sanitation,https://twitter.com/mohs_sl?lang=fr
2020-07-21,SLE,Sierra Leone,9.0,Eastern,92.0,0.0,0.0,0.0,0.0,0.0,0.0,Ministry of Health and sanitation,https://twitter.com/mohs_sl?lang=fr
2020-07-21,SLE,Sierra Leone,9.0,Southern,93.0,0.0,0.0,0.0,0.0,0.0,0.0,Ministry of Health and sanitation,https://twitter.com/mohs_sl?lang=fr
2020-07-21,SLE,Sierra Leone,9.0,Western,94.0,0.0,0.0,0.0,0.0,0.0,0.0,Ministry of Health and sanitation,https://twitter.com/mohs_sl?lang=fr
2020-07-22,SLE,Sierra Leone,9.0,Northern,91.0,0.0,0.0,0.0,0.0,0.0,0.0,Ministry of Health and sanitation,https://twitter.com/mohs_sl?lang=fr
2020-07-22,SLE,Sierra Leone,9.0,Eastern,92.0,0.0,0.0,0.0,0.0,0.0,0.0,Ministry of Health and sanitation,https://twitter.com/mohs_sl?lang=fr
2020-07-22,SLE,Sierra Leone,9.0,Southern,93.0,0.0,0.0,0.0,0.0,0.0,0.0,Ministry of Health and sanitation,https://twitter.com/mohs_sl?lang=fr
2020-07-22,SLE,Sierra Leone,9.0,Western,94.0,0.0,0.0,0.0,0.0,0.0,0.0,Ministry of Health and sanitation,https://twitter.com/mohs_sl?lang=fr
2020-07-23,SLE,Sierra Leone,9.0,Northern,91.0,0.0,0.0,0.0,0.0,0.0,0.0,Ministry of Health and sanitation,https://twitter.com/mohs_sl?lang=fr
2020-07-23,SLE,Sierra Leone,9.0,Eastern,92.0,0.0,0.0,0.0,0.0,0.0,0.0,Ministry of Health and sanitation,https://twitter.com/mohs_sl?lang=fr
2020-07-23,SLE,Sierra Leone,9.0,Southern,93.0,0.0,0.0,0.0,0.0,0.0,0.0,Ministry of Health and sanitation,https://twitter.com/mohs_sl?lang=fr
2020-07-23,SLE,Sierra Leone,9.0,Western,94.0,0.0,0.0,0.0,0.0,0.0,0.0,Ministry of Health and sanitation,https://twitter.com/mohs_sl?lang=fr
2020-07-24,SLE,Sierra Leone,9.0,Northern,91.0,33.0,,0.0,,,33.0,Ministry of Health and sanitation,https://twitter.com/mohs_sl?lang=fr
2020-07-24,SLE,Sierra Leone,9.0,Eastern,92.0,1.0,,0.0,,,1.0,Ministry of Health and sanitation,https://twitter.com/mohs_sl?lang=fr
2020-07-24,SLE,Sierra Leone,9.0,Southern,93.0,15.0,,0.0,,,15.0,Ministry of Health and sanitation,https://twitter.com/mohs_sl?lang=fr
2020-07-24,SLE,Sierra Leone,9.0,Western,94.0,18.0,,0.0,,,18.0,Ministry of Health and sanitation,https://twitter.com/mohs_sl?lang=fr
2020-07-25,SLE,Sierra Leone,9.0,Northern,91.0,0.0,0.0,0.0,0.0,0.0,0.0,Ministry of Health and sanitation,https://twitter.com/mohs_sl?lang=fr
2020-07-25,SLE,Sierra Leone,9.0,Eastern,92.0,0.0,0.0,0.0,0.0,0.0,0.0,Ministry of Health and sanitation,https://twitter.com/mohs_sl?lang=fr
2020-07-25,SLE,Sierra Leone,9.0,Southern,93.0,0.0,0.0,0.0,0.0,0.0,0.0,Ministry of Health and sanitation,https://twitter.com/mohs_sl?lang=fr
2020-07-25,SLE,Sierra Leone,9.0,Western,94.0,0.0,0.0,0.0,0.0,0.0,0.0,Ministry of Health and sanitation,https://twitter.com/mohs_sl?lang=fr
2020-07-26,SLE,Sierra Leone,9.0,Northern,91.0,11.0,0.0,,,,11.0,Ministry of Health and sanitation,https://twitter.com/mohs_sl?lang=fr
2020-07-26,SLE,Sierra Leone,9.0,Eastern,92.0,0.0,0.0,,0.0,0.0,0.0,Ministry of Health and sanitation,https://twitter.com/mohs_sl?lang=fr
2020-07-26,SLE,Sierra Leone,9.0,Southern,93.0,1.0,0.0,,,,1.0,Ministry of Health and sanitation,https://twitter.com/mohs_sl?lang=fr
2020-07-26,SLE,Sierra Leone,9.0,Western,94.0,3.0,0.0,,,,3.0,Ministry of Health and sanitation,https://twitter.com/mohs_sl?lang=fr
2020-07-27,SLE,Sierra Leone,9.0,Northern,91.0,0.0,0.0,0.0,0.0,0.0,0.0,Ministry of Health and sanitation,https://twitter.com/mohs_sl?lang=fr
2020-07-27,SLE,Sierra Leone,9.0,Eastern,92.0,0.0,0.0,0.0,0.0,0.0,0.0,Ministry of Health and sanitation,https://twitter.com/mohs_sl?lang=fr
2020-07-27,SLE,Sierra Leone,9.0,Southern,93.0,0.0,0.0,0.0,0.0,0.0,0.0,Ministry of Health and sanitation,https://twitter.com/mohs_sl?lang=fr
2020-07-27,SLE,Sierra Leone,9.0,Western,94.0,0.0,0.0,0.0,0.0,0.0,0.0,Ministry of Health and sanitation,https://twitter.com/mohs_sl?lang=fr
2020-07-28,SLE,Sierra Leone,9.0,Northern,91.0,0.0,0.0,0.0,0.0,0.0,0.0,Ministry of Health and sanitation,https://twitter.com/mohs_sl?lang=fr
2020-07-28,SLE,Sierra Leone,9.0,Eastern,92.0,0.0,0.0,0.0,0.0,0.0,0.0,Ministry of Health and sanitation,https://twitter.com/mohs_sl?lang=fr
2020-07-28,SLE,Sierra Leone,9.0,Southern,93.0,0.0,0.0,0.0,0.0,0.0,0.0,Ministry of Health and sanitation,https://twitter.com/mohs_sl?lang=fr
2020-07-28,SLE,Sierra Leone,9.0,Western,94.0,0.0,0.0,0.0,0.0,0.0,0.0,Ministry of Health and sanitation,https://twitter.com/mohs_sl?lang=fr
2020-07-29,SLE,Sierra Leone,9.0,Northern,91.0,17.0,,,,,17.0,Ministry of Health and sanitation,https://twitter.com/mohs_sl?lang=fr
2020-07-29,SLE,Sierra Leone,9.0,Eastern,92.0,11.0,,,,,11.0,Ministry of Health and sanitation,https://twitter.com/mohs_sl?lang=fr
2020-07-29,SLE,Sierra Leone,9.0,Southern,93.0,6.0,,,,,6.0,Ministry of Health and sanitation,https://twitter.com/mohs_sl?lang=fr
2020-07-29,SLE,Sierra Leone,9.0,Western,94.0,1.0,,,,,1.0,Ministry of Health and sanitation,https://twitter.com/mohs_sl?lang=fr
2020-07-30,SLE,Sierra Leone,9.0,Northern,91.0,,0.0,0.0,,,,Ministry of Health and sanitation,https://twitter.com/mohs_sl?lang=fr
2020-07-30,SLE,Sierra Leone,9.0,Eastern,92.0,,0.0,0.0,,,,Ministry of Health and sanitation,https://twitter.com/mohs_sl?lang=fr
2020-07-30,SLE,Sierra Leone,9.0,Southern,93.0,,0.0,0.0,,,,Ministry of Health and sanitation,https://twitter.com/mohs_sl?lang=fr
2020-07-30,SLE,Sierra Leone,9.0,Western,94.0,,0.0,0.0,,,,Ministry of Health and sanitation,https://twitter.com/mohs_sl?lang=fr
2020-07-31,SLE,Sierra Leone,9.0,Northern,91.0,,0.0,,,,,Ministry of Health and sanitation,https://twitter.com/mohs_sl?lang=fr
2020-07-31,SLE,Sierra Leone,9.0,Eastern,92.0,,0.0,,,,,Ministry of Health and sanitation,https://twitter.com/mohs_sl?lang=fr
2020-07-31,SLE,Sierra Leone,9.0,Southern,93.0,,0.0,,,,,Ministry of Health and sanitation,https://twitter.com/mohs_sl?lang=fr
2020-07-31,SLE,Sierra Leone,9.0,Western,94.0,,0.0,,,,,Ministry of Health and sanitation,https://twitter.com/mohs_sl?lang=fr
2020-08-01,SLE,Sierra Leone,9.0,Northern,91.0,0.0,0.0,0.0,0.0,0.0,0.0,Ministry of Health and sanitation,https://twitter.com/mohs_sl?lang=fr
2020-08-01,SLE,Sierra Leone,9.0,Eastern,92.0,0.0,0.0,0.0,0.0,0.0,0.0,Ministry of Health and sanitation,https://twitter.com/mohs_sl?lang=fr
2020-08-01,SLE,Sierra Leone,9.0,Southern,93.0,0.0,0.0,0.0,0.0,0.0,0.0,Ministry of Health and sanitation,https://twitter.com/mohs_sl?lang=fr
2020-08-01,SLE,Sierra Leone,9.0,Western,94.0,0.0,0.0,0.0,0.0,0.0,0.0,Ministry of Health and sanitation,https://twitter.com/mohs_sl?lang=fr
2020-08-02,SLE,Sierra Leone,9.0,Northern,91.0,,0.0,0.0,,,,Ministry of Health and sanitation,https://twitter.com/mohs_sl?lang=fr
2020-08-02,SLE,Sierra Leone,9.0,Eastern,92.0,,0.0,0.0,,,,Ministry of Health and sanitation,https://twitter.com/mohs_sl?lang=fr
2020-08-02,SLE,Sierra Leone,9.0,Southern,93.0,,0.0,0.0,,,,Ministry of Health and sanitation,https://twitter.com/mohs_sl?lang=fr
2020-08-02,SLE,Sierra Leone,9.0,Western,94.0,,0.0,0.0,,,,Ministry of Health and sanitation,https://twitter.com/mohs_sl?lang=fr
2020-08-03,SLE,Sierra Leone,9.0,Northern,91.0,0.0,0.0,0.0,0.0,0.0,0.0,Ministry of Health and sanitation,https://twitter.com/mohs_sl?lang=fr
2020-08-03,SLE,Sierra Leone,9.0,Eastern,92.0,0.0,0.0,0.0,0.0,0.0,0.0,Ministry of Health and sanitation,https://twitter.com/mohs_sl?lang=fr
2020-08-03,SLE,Sierra Leone,9.0,Southern,93.0,0.0,0.0,0.0,0.0,0.0,0.0,Ministry of Health and sanitation,https://twitter.com/mohs_sl?lang=fr
2020-08-03,SLE,Sierra Leone,9.0,Western,94.0,0.0,0.0,0.0,0.0,0.0,0.0,Ministry of Health and sanitation,https://twitter.com/mohs_sl?lang=fr
2020-08-04,SLE,Sierra Leone,9.0,Northern,91.0,,0.0,,,,,Ministry of Health and sanitation,https://twitter.com/mohs_sl?lang=fr
2020-08-04,SLE,Sierra Leone,9.0,Eastern,92.0,,0.0,,,,,Ministry of Health and sanitation,https://twitter.com/mohs_sl?lang=fr
2020-08-04,SLE,Sierra Leone,9.0,Southern,93.0,,0.0,,,,,Ministry of Health and sanitation,https://twitter.com/mohs_sl?lang=fr
2020-08-04,SLE,Sierra Leone,9.0,Western,94.0,,0.0,,,,,Ministry of Health and sanitation,https://twitter.com/mohs_sl?lang=fr
2020-08-05,SLE,Sierra Leone,9.0,Northern,91.0,0.0,0.0,0.0,0.0,0.0,0.0,Ministry of Health and sanitation,https://twitter.com/mohs_sl?lang=fr
2020-08-05,SLE,Sierra Leone,9.0,Eastern,92.0,0.0,0.0,0.0,0.0,0.0,0.0,Ministry of Health and sanitation,https://twitter.com/mohs_sl?lang=fr
2020-08-05,SLE,Sierra Leone,9.0,Southern,93.0,0.0,0.0,0.0,0.0,0.0,0.0,Ministry of Health and sanitation,https://twitter.com/mohs_sl?lang=fr
2020-08-05,SLE,Sierra Leone,9.0,Western,94.0,0.0,0.0,0.0,0.0,0.0,0.0,Ministry of Health and sanitation,https://twitter.com/mohs_sl?lang=fr
2020-08-06,SLE,Sierra Leone,9.0,Northern,91.0,,,,,,,Ministry of Health and sanitation,https://twitter.com/mohs_sl?lang=fr
2020-08-06,SLE,Sierra Leone,9.0,Eastern,92.0,,,,,,,Ministry of Health and sanitation,https://twitter.com/mohs_sl?lang=fr
2020-08-06,SLE,Sierra Leone,9.0,Southern,93.0,,,,,,,Ministry of Health and sanitation,https://twitter.com/mohs_sl?lang=fr
2020-08-06,SLE,Sierra Leone,9.0,Western,94.0,,,,,,,Ministry of Health and sanitation,https://twitter.com/mohs_sl?lang=fr
2020-08-07,SLE,Sierra Leone,9.0,Northern,91.0,0.0,0.0,0.0,0.0,0.0,0.0,Ministry of Health and sanitation,https://twitter.com/mohs_sl?lang=fr
2020-08-07,SLE,Sierra Leone,9.0,Eastern,92.0,0.0,0.0,0.0,0.0,0.0,0.0,Ministry of Health and sanitation,https://twitter.com/mohs_sl?lang=fr
2020-08-07,SLE,Sierra Leone,9.0,Southern,93.0,0.0,0.0,0.0,0.0,0.0,0.0,Ministry of Health and sanitation,https://twitter.com/mohs_sl?lang=fr
2020-08-07,SLE,Sierra Leone,9.0,Western,94.0,0.0,0.0,0.0,0.0,0.0,0.0,Ministry of Health and sanitation,https://twitter.com/mohs_sl?lang=fr
2020-08-08,SLE,Sierra Leone,9.0,Northern,91.0,,0.0,,,,,Ministry of Health and sanitation,https://twitter.com/mohs_sl?lang=fr
2020-08-08,SLE,Sierra Leone,9.0,Eastern,92.0,,0.0,,,,,Ministry of Health and sanitation,https://twitter.com/mohs_sl?lang=fr
2020-08-08,SLE,Sierra Leone,9.0,Southern,93.0,,0.0,,,,,Ministry of Health and sanitation,https://twitter.com/mohs_sl?lang=fr
2020-08-08,SLE,Sierra Leone,9.0,Western,94.0,,0.0,,,,,Ministry of Health and sanitation,https://twitter.com/mohs_sl?lang=fr
2020-08-09,SLE,Sierra Leone,9.0,Northern,91.0,,,,,,,Ministry of Health and sanitation,https://twitter.com/mohs_sl?lang=fr
2020-08-09,SLE,Sierra Leone,9.0,Eastern,92.0,,,,,,,Ministry of Health and sanitation,https://twitter.com/mohs_sl?lang=fr
2020-08-09,SLE,Sierra Leone,9.0,Southern,93.0,,,,,,,Ministry of Health and sanitation,https://twitter.com/mohs_sl?lang=fr
2020-08-09,SLE,Sierra Leone,9.0,Western,94.0,,,,,,,Ministry of Health and sanitation,https://twitter.com/mohs_sl?lang=fr
2020-08-10,SLE,Sierra Leone,9.0,Northern,91.0,0.0,0.0,0.0,0.0,0.0,0.0,Ministry of Health and sanitation,https://twitter.com/mohs_sl?lang=fr
2020-08-10,SLE,Sierra Leone,9.0,Eastern,92.0,0.0,0.0,0.0,0.0,0.0,0.0,Ministry of Health and sanitation,https://twitter.com/mohs_sl?lang=fr
2020-08-10,SLE,Sierra Leone,9.0,Southern,93.0,0.0,0.0,0.0,0.0,0.0,0.0,Ministry of Health and sanitation,https://twitter.com/mohs_sl?lang=fr
2020-08-10,SLE,Sierra Leone,9.0,Western,94.0,0.0,0.0,0.0,0.0,0.0,0.0,Ministry of Health and sanitation,https://twitter.com/mohs_sl?lang=fr
2020-08-11,SLE,Sierra Leone,9.0,Northern,91.0,,0.0,,,,,Ministry of Health and sanitation,https://twitter.com/mohs_sl?lang=fr
2020-08-11,SLE,Sierra Leone,9.0,Eastern,92.0,,0.0,,,,,Ministry of Health and sanitation,https://twitter.com/mohs_sl?lang=fr
2020-08-11,SLE,Sierra Leone,9.0,Southern,93.0,,0.0,,,,,Ministry of Health and sanitation,https://twitter.com/mohs_sl?lang=fr
2020-08-11,SLE,Sierra Leone,9.0,Western,94.0,,0.0,,,,,Ministry of Health and sanitation,https://twitter.com/mohs_sl?lang=fr
2020-08-12,SLE,Sierra Leone,9.0,Northern,91.0,0.0,0.0,0.0,0.0,0.0,0.0,Ministry of Health and sanitation,https://twitter.com/mohs_sl?lang=fr
2020-08-12,SLE,Sierra Leone,9.0,Eastern,92.0,0.0,0.0,0.0,0.0,0.0,0.0,Ministry of Health and sanitation,https://twitter.com/mohs_sl?lang=fr
2020-08-12,SLE,Sierra Leone,9.0,Southern,93.0,0.0,0.0,0.0,0.0,0.0,0.0,Ministry of Health and sanitation,https://twitter.com/mohs_sl?lang=fr
2020-08-12,SLE,Sierra Leone,9.0,Western,94.0,0.0,0.0,0.0,0.0,0.0,0.0,Ministry of Health and sanitation,https://twitter.com/mohs_sl?lang=fr
2020-08-13,SLE,Sierra Leone,9.0,Northern,91.0,0.0,0.0,0.0,0.0,0.0,0.0,Ministry of Health and sanitation,https://twitter.com/mohs_sl?lang=fr
2020-08-13,SLE,Sierra Leone,9.0,Eastern,92.0,0.0,0.0,0.0,0.0,0.0,0.0,Ministry of Health and sanitation,https://twitter.com/mohs_sl?lang=fr
2020-08-13,SLE,Sierra Leone,9.0,Southern,93.0,0.0,0.0,0.0,0.0,0.0,0.0,Ministry of Health and sanitation,https://twitter.com/mohs_sl?lang=fr
2020-08-13,SLE,Sierra Leone,9.0,Western,94.0,0.0,0.0,0.0,0.0,0.0,0.0,Ministry of Health and sanitation,https://twitter.com/mohs_sl?lang=fr
2020-08-14,SLE,Sierra Leone,9.0,Northern,91.0,0.0,0.0,0.0,0.0,0.0,0.0,Ministry of Health and sanitation,https://twitter.com/mohs_sl?lang=fr
2020-08-14,SLE,Sierra Leone,9.0,Eastern,92.0,0.0,0.0,0.0,0.0,0.0,0.0,Ministry of Health and sanitation,https://twitter.com/mohs_sl?lang=fr
2020-08-14,SLE,Sierra Leone,9.0,Southern,93.0,0.0,0.0,0.0,0.0,0.0,0.0,Ministry of Health and sanitation,https://twitter.com/mohs_sl?lang=fr
2020-08-14,SLE,Sierra Leone,9.0,Western,94.0,0.0,0.0,0.0,0.0,0.0,0.0,Ministry of Health and sanitation,https://twitter.com/mohs_sl?lang=fr
2020-08-15,SLE,Sierra Leone,9.0,Northern,91.0,0.0,0.0,0.0,0.0,0.0,0.0,Ministry of Health and sanitation,https://twitter.com/mohs_sl?lang=fr
2020-08-15,SLE,Sierra Leone,9.0,Eastern,92.0,0.0,0.0,0.0,0.0,0.0,0.0,Ministry of Health and sanitation,https://twitter.com/mohs_sl?lang=fr
2020-08-15,SLE,Sierra Leone,9.0,Southern,93.0,0.0,0.0,0.0,0.0,0.0,0.0,Ministry of Health and sanitation,https://twitter.com/mohs_sl?lang=fr
2020-08-15,SLE,Sierra Leone,9.0,Western,94.0,0.0,0.0,0.0,0.0,0.0,0.0,Ministry of Health and sanitation,https://twitter.com/mohs_sl?lang=fr
2020-08-16,SLE,Sierra Leone,9.0,Northern,91.0,0.0,0.0,0.0,0.0,0.0,0.0,Ministry of Health and sanitation,https://twitter.com/mohs_sl?lang=fr
2020-08-16,SLE,Sierra Leone,9.0,Eastern,92.0,0.0,0.0,0.0,0.0,0.0,0.0,Ministry of Health and sanitation,https://twitter.com/mohs_sl?lang=fr
2020-08-16,SLE,Sierra Leone,9.0,Southern,93.0,0.0,0.0,0.0,0.0,0.0,0.0,Ministry of Health and sanitation,https://twitter.com/mohs_sl?lang=fr
2020-08-16,SLE,Sierra Leone,9.0,Western,94.0,0.0,0.0,0.0,0.0,0.0,0.0,Ministry of Health and sanitation,https://twitter.com/mohs_sl?lang=fr
2020-08-17,SLE,Sierra Leone,9.0,Northern,91.0,,0.0,,,,,Ministry of Health and sanitation,https://twitter.com/mohs_sl?lang=fr
2020-08-17,SLE,Sierra Leone,9.0,Eastern,92.0,,0.0,,,,,Ministry of Health and sanitation,https://twitter.com/mohs_sl?lang=fr
2020-08-17,SLE,Sierra Leone,9.0,Southern,93.0,,0.0,,,,,Ministry of Health and sanitation,https://twitter.com/mohs_sl?lang=fr
2020-08-17,SLE,Sierra Leone,9.0,Western,94.0,,0.0,,,,,Ministry of Health and sanitation,https://twitter.com/mohs_sl?lang=fr
2020-08-18,SLE,Sierra Leone,9.0,Northern,91.0,,0.0,,,,,Ministry of Health and sanitation,https://twitter.com/mohs_sl?lang=fr
2020-08-18,SLE,Sierra Leone,9.0,Eastern,92.0,,0.0,,,,,Ministry of Health and sanitation,https://twitter.com/mohs_sl?lang=fr
2020-08-18,SLE,Sierra Leone,9.0,Southern,93.0,,0.0,,,,,Ministry of Health and sanitation,https://twitter.com/mohs_sl?lang=fr
2020-08-18,SLE,Sierra Leone,9.0,Western,94.0,,0.0,,,,,Ministry of Health and sanitation,https://twitter.com/mohs_sl?lang=fr
2020-08-19,SLE,Sierra Leone,9.0,Northern,91.0,0.0,0.0,0.0,0.0,0.0,0.0,Ministry of Health and sanitation,https://twitter.com/mohs_sl?lang=fr
2020-08-19,SLE,Sierra Leone,9.0,Eastern,92.0,0.0,0.0,0.0,0.0,0.0,0.0,Ministry of Health and sanitation,https://twitter.com/mohs_sl?lang=fr
2020-08-19,SLE,Sierra Leone,9.0,Southern,93.0,0.0,0.0,0.0,0.0,0.0,0.0,Ministry of Health and sanitation,https://twitter.com/mohs_sl?lang=fr
2020-08-19,SLE,Sierra Leone,9.0,Western,94.0,0.0,0.0,0.0,0.0,0.0,0.0,Ministry of Health and sanitation,https://twitter.com/mohs_sl?lang=fr
2020-08-20,SLE,Sierra Leone,9.0,Northern,91.0,0.0,0.0,0.0,0.0,0.0,0.0,Ministry of Health and sanitation,https://twitter.com/mohs_sl?lang=fr
2020-08-20,SLE,Sierra Leone,9.0,Eastern,92.0,0.0,0.0,0.0,0.0,0.0,0.0,Ministry of Health and sanitation,https://twitter.com/mohs_sl?lang=fr
2020-08-20,SLE,Sierra Leone,9.0,Southern,93.0,0.0,0.0,0.0,0.0,0.0,0.0,Ministry of Health and sanitation,https://twitter.com/mohs_sl?lang=fr
2020-08-20,SLE,Sierra Leone,9.0,Western,94.0,0.0,0.0,0.0,0.0,0.0,0.0,Ministry of Health and sanitation,https://twitter.com/mohs_sl?lang=fr
2020-08-21,SLE,Sierra Leone,9.0,Northern,91.0,,0.0,,,,,Ministry of Health and sanitation,https://twitter.com/mohs_sl?lang=fr
2020-08-21,SLE,Sierra Leone,9.0,Eastern,92.0,,0.0,,,,,Ministry of Health and sanitation,https://twitter.com/mohs_sl?lang=fr
2020-08-21,SLE,Sierra Leone,9.0,Southern,93.0,,0.0,,,,,Ministry of Health and sanitation,https://twitter.com/mohs_sl?lang=fr
2020-08-21,SLE,Sierra Leone,9.0,Western,94.0,,0.0,,,,,Ministry of Health and sanitation,https://twitter.com/mohs_sl?lang=fr
2020-08-22,SLE,Sierra Leone,9.0,Northern,91.0,,0.0,,,,,Ministry of Health and sanitation,https://twitter.com/mohs_sl?lang=fr
2020-08-22,SLE,Sierra Leone,9.0,Eastern,92.0,,0.0,,,,,Ministry of Health and sanitation,https://twitter.com/mohs_sl?lang=fr
2020-08-22,SLE,Sierra Leone,9.0,Southern,93.0,,0.0,,,,,Ministry of Health and sanitation,https://twitter.com/mohs_sl?lang=fr
2020-08-22,SLE,Sierra Leone,9.0,Western,94.0,,0.0,,,,,Ministry of Health and sanitation,https://twitter.com/mohs_sl?lang=fr
2020-08-23,SLE,Sierra Leone,9.0,Northern,91.0,0.0,0.0,0.0,0.0,0.0,0.0,Ministry of Health and sanitation,https://twitter.com/mohs_sl?lang=fr
2020-08-23,SLE,Sierra Leone,9.0,Eastern,92.0,0.0,0.0,0.0,0.0,0.0,0.0,Ministry of Health and sanitation,https://twitter.com/mohs_sl?lang=fr
2020-08-23,SLE,Sierra Leone,9.0,Southern,93.0,0.0,0.0,0.0,0.0,0.0,0.0,Ministry of Health and sanitation,https://twitter.com/mohs_sl?lang=fr
2020-08-23,SLE,Sierra Leone,9.0,Western,94.0,0.0,0.0,0.0,0.0,0.0,0.0,Ministry of Health and sanitation,https://twitter.com/mohs_sl?lang=fr
2020-08-24,SLE,Sierra Leone,9.0,Northern,91.0,,0.0,,,,,Ministry of Health and sanitation,https://twitter.com/mohs_sl?lang=fr
2020-08-24,SLE,Sierra Leone,9.0,Eastern,92.0,,0.0,,,,,Ministry of Health and sanitation,https://twitter.com/mohs_sl?lang=fr
2020-08-24,SLE,Sierra Leone,9.0,Southern,93.0,,0.0,,,,,Ministry of Health and sanitation,https://twitter.com/mohs_sl?lang=fr
2020-08-24,SLE,Sierra Leone,9.0,Western,94.0,,0.0,,,,,Ministry of Health and sanitation,https://twitter.com/mohs_sl?lang=fr
